timestamp,traffic_flow,aqi,temperature,humidity,electricity_demand,time_segment,step_ahead
2024-08-11 00:00:00,2366493.0,150.9590094390084,30.255,72.08,6065.5,past,0
2024-08-11 01:00:00,1785740.0,129.1273581764988,30.4975,71.5525,6027.0,past,0
2024-08-11 02:00:00,1312950.0,111.41055282822116,30.709000000000003,71.28099999999999,6018.85,past,0
2024-08-11 03:00:00,1071445.0,102.74217919749556,30.6625,72.21249999999999,6031.208333333333,past,0
2024-08-11 04:00:00,926500.0,86.46312242836797,30.8325,72.3175,6053.166666666667,past,0
2024-08-11 05:00:00,985343.0,93.723983028639,30.92948851774531,72.84614300626296,6080.583333333333,past,0
2024-08-11 06:00:00,1172780.0,107.30255438106192,30.826988517745303,74.41114300626295,6101.833333333333,past,0
2024-08-11 07:00:00,1209760.0,109.24488468895257,30.666988517745303,75.99364300626296,6164.265266742747,past,0
2024-08-11 08:00:00,1389486.0,116.53294273461162,30.416988517745303,77.64864300626296,6238.910683409414,past,0
2024-08-11 09:00:00,1633399.0,125.74968903974424,30.42198851774531,78.00364300626296,6289.144630137888,past,0
2024-08-11 10:00:00,2201626.0,147.08243467795182,30.271988517745303,78.44114300626295,6304.136979930419,past,0
2024-08-11 11:00:00,2893521.0,173.05395466599023,30.1675,78.96249999999999,6251.420553178955,past,0
2024-08-11 12:00:00,3615584.0,199.8043879760487,30.1575,78.515,6233.711386512288,past,0
2024-08-11 13:00:00,4334304.0,226.4436023677015,30.045,78.105,6243.1046930180755,past,0
2024-08-11 14:00:00,4667515.0,238.57567843710575,29.955,77.3025,6232.618292810606,past,0
2024-08-11 15:00:00,4692279.0,239.2624093442722,29.64,76.64,6211.444319254587,past,0
2024-08-11 16:00:00,3623550.0,199.42838172559652,29.3875,76.62750000000001,6215.930719462056,past,0
2024-08-11 17:00:00,3299704.0,187.4153827153523,29.0675,76.78500000000001,6270.495746289602,past,0
2024-08-11 18:00:00,3127355.0,181.10543849699064,28.715000000000003,77.1025,6290.746579622934,past,0
2024-08-11 19:00:00,2980682.0,175.80586601122727,28.425,77.57000000000001,6275.629673041066,past,0
2024-08-11 20:00:00,2622565.0,162.73400287073054,28.14,78.34,6265.053989915202,past,0
2024-08-11 21:00:00,2241849.0,148.77713700171822,28.06,78.99000000000001,5978.119016742748,past,0
2024-08-11 22:00:00,1955531.0,138.33266710692047,27.8925,79.62416666666667,5996.806933409414,past,0
2024-08-11 23:00:00,1574326.0,124.11753708002158,27.902500000000003,79.60083333333334,6023.291666666667,past,0
2024-08-12 00:00:00,1174312.0,108.99563156110436,28.117499999999996,78.9375,6033.708333333333,past,0
2024-08-12 01:00:00,757071.0,68.24454430122235,28.397499999999997,78.17416666666666,5759.125,past,0
2024-08-12 02:00:00,517921.0,39.70803092936392,28.7,77.48833333333333,5683.958333333333,past,0
2024-08-12 03:00:00,444699.0,32.22495930662721,28.945000000000004,76.84,5924.375,past,0
2024-08-12 04:00:00,538426.0,41.14566524210926,29.417500000000004,75.43249999999999,5858.208333333333,past,0
2024-08-12 05:00:00,785002.0,70.2925386844816,29.7475,74.53499999999998,5836.25,past,0
2024-08-12 06:00:00,1144894.0,106.06009310266884,30.065,73.77999999999999,5870.416666666667,past,0
2024-08-12 07:00:00,2059384.0,139.96153356170626,30.351696242171197,73.2264509394572,6206.0833425508,past,0
2024-08-12 08:00:00,3207689.0,182.7278193078012,30.601696242171197,73.0839509394572,6240.7295925508,past,0
2024-08-12 09:00:00,3876846.0,207.615537040585,30.7916962421712,72.9064509394572,6289.2032231902485,past,0
2024-08-12 10:00:00,4033330.0,213.81312209824048,30.821696242171196,73.9239509394572,6386.1188645106595,past,0
2024-08-12 11:00:00,3595897.0,197.7021045027978,30.8891962421712,74.4839509394572,6454.925837700907,past,0
2024-08-12 12:00:00,3805402.0,205.93818996782124,30.809196242171197,75.6739509394572,6486.510004367574,past,0
2024-08-12 13:00:00,3539906.0,196.19938241712663,30.74000000000001,76.125,6450.858635007022,past,0
2024-08-12 14:00:00,3205102.0,183.66200208397993,30.69,75.97500000000001,6510.586359660767,past,0
2024-08-12 15:00:00,3654238.0,200.60331893259143,30.64,76.52,6521.211359660767,past,0
2024-08-12 16:00:00,4493744.0,231.74840390220632,30.575,76.0775,6491.775301673689,past,0
2024-08-12 17:00:00,4629862.0,236.69819943443963,30.4675,75.725,6441.010004367574,past,0
2024-08-12 18:00:00,4475064.0,230.7550967161103,30.304999999999996,75.24499999999999,6379.759171034241,past,0
2024-08-12 19:00:00,4216939.0,221.1535085759224,30.117499999999996,75.31,6322.285531177326,past,0
2024-08-12 20:00:00,3995183.0,212.8946503033773,29.745,75.33749999999999,6247.703223190248,past,0
2024-08-12 21:00:00,3375492.0,189.56083806036327,29.4475,74.7,6198.3545925508,past,0
2024-08-12 22:00:00,2598037.0,160.67970080333993,29.132499999999997,75.00291666666668,6137.791675884132,past,0
2024-08-12 23:00:00,1989320.0,138.17856482369098,28.757500000000004,75.55333333333333,6065.3525574112755,past,0
2024-08-13 00:00:00,1472545.0,119.0404267596367,28.4075,76.27374999999999,5983.894224077942,past,0
2024-08-13 01:00:00,1029167.0,100.40605431101936,28.115,76.98666666666666,5964.3108907446085,past,0
2024-08-13 02:00:00,771313.0,69.78193399332241,28.005,77.84208333333332,5979.519224077942,past,0
2024-08-13 03:00:00,698647.0,61.25845149809021,27.9075,78.30499999999999,5962.6025574112755,past,0
2024-08-13 04:00:00,851947.0,79.62112452731317,28.0825,78.3575,5942.769224077942,past,0
2024-08-13 05:00:00,1197218.0,109.1609650064726,28.2975,77.2925,5953.791666666667,past,0
2024-08-13 06:00:00,1534512.0,121.46557792614584,28.587499999999995,76.61,6012.541666666667,past,0
2024-08-13 07:00:00,2573960.0,159.85588589756713,28.995,75.8275,6041.257637980107,past,0
2024-08-13 08:00:00,3850739.0,207.111858747281,29.347499999999997,75.1475,6056.84097131344,past,0
2024-08-13 09:00:00,4554128.0,232.92967806771605,29.802901878914422,74.16720772442612,6073.149439886059,past,0
2024-08-13 10:00:00,4923908.0,246.47045480509516,30.010401878914426,73.56220772442612,6119.819945533,past,0
2024-08-13 11:00:00,4625139.0,235.28710539094493,30.430401878914424,73.36970772442612,6161.302718752391,past,0
2024-08-13 12:00:00,4429551.0,227.62498720611953,30.807901878914425,72.28720772442612,6193.552718752391,past,0
2024-08-13 13:00:00,4361464.0,225.1517458421116,30.862901878914425,72.45470772442611,6235.819520658341,past,0
2024-08-13 14:00:00,4386003.0,226.0931587375192,31.002901878914425,72.53470772442611,6255.481849548146,past,0
2024-08-13 15:00:00,4623037.0,235.204555357632,30.9975,73.3575,6289.398516214813,past,0
2024-08-13 16:00:00,4754013.0,240.3383968872077,30.98571503131523,74.09049060542799,6287.436343901205,past,0
2024-08-13 17:00:00,4613018.0,235.46389364674923,30.788215031315232,75.13049060542798,6261.544541995255,past,0
2024-08-13 18:00:00,4393461.0,227.81736715180665,30.67071503131523,76.59299060542797,6233.086208661921,past,0
2024-08-13 19:00:00,4227669.0,221.66744244179228,30.68071503131523,76.64299060542798,6196.686768775863,past,0
2024-08-13 20:00:00,4247328.0,222.39077014139335,30.673215031315237,76.62049060542797,6180.691106552725,past,0
2024-08-13 21:00:00,3895455.0,209.37891420173196,30.643215031315233,76.84049060542799,6172.424304646774,past,0
2024-08-13 22:00:00,3215705.0,183.93771798799037,30.575833333333335,76.41041666666666,6198.007637980107,past,0
2024-08-13 23:00:00,2411055.0,153.85911278889964,30.561666666666667,76.00583333333334,6234.083333333333,past,0
2024-08-14 00:00:00,1766734.0,129.5378227500354,30.4475,75.15875000000001,6252.375,past,0
2024-08-14 01:00:00,1205271.0,108.59499227276292,30.215833333333336,74.95916666666668,6257.5,past,0
2024-08-14 02:00:00,864806.0,79.90311909421855,29.88916666666667,74.88208333333334,6221.625,past,0
2024-08-14 03:00:00,751381.0,66.40711546289806,29.6075,75.1075,6192.625,past,0
2024-08-14 04:00:00,978257.0,93.68107488084765,29.2125,75.3575,6131.5,past,0
2024-08-14 05:00:00,1325511.0,113.23083015373668,28.795,75.425,6049.458333333333,past,0
2024-08-14 06:00:00,1712626.0,127.91010382113237,28.547500000000003,76.235,5947.083333333333,past,0
2024-08-14 07:00:00,2648370.0,162.87345622330483,28.255,76.735,5910.231005215221,past,0
2024-08-14 08:00:00,3967467.0,211.99834988999928,28.165000000000003,76.985,5925.44850521522,past,0
2024-08-14 09:00:00,4763809.0,241.3749865632734,28.147500000000004,76.35000000000001,5947.969895323545,past,0
2024-08-14 10:00:00,5028490.0,251.0974172970181,28.332500000000007,76.02250000000001,5961.241797650167,past,0
2024-08-14 11:00:00,4644036.0,236.7808693167084,28.605000000000004,75.9525,6022.035859640378,past,0
2024-08-14 12:00:00,4424043.0,228.24552024620888,28.7775,74.95,6095.179192973711,past,0
2024-08-14 13:00:00,4460687.0,229.25300219240563,29.232500000000005,73.95500000000001,6087.700583082034,past,0
2024-08-14 14:00:00,4559037.0,232.50174395995913,29.662500000000005,72.81250000000001,6043.46331874199,past,0
2024-08-14 15:00:00,4731204.0,238.64694139695595,30.007500000000004,72.09750000000001,5993.96331874199,past,0
2024-08-14 16:00:00,4925447.0,245.5744631129912,30.42,71.275,5955.325583082034,past,0
2024-08-14 17:00:00,4985686.0,247.7647540075261,30.617500000000003,71.1375,5868.970859640377,past,0
2024-08-14 18:00:00,4812663.0,241.43730273715565,30.860167014613783,71.43052192066806,5796.494192973711,past,0
2024-08-14 19:00:00,4626108.0,234.79022531369117,30.912667014613778,72.23802192066806,5757.783464316833,past,0
2024-08-14 20:00:00,4541147.0,231.94918775198732,30.945167014613784,73.12802192066806,5743.178228656878,past,0
2024-08-14 21:00:00,4412309.0,227.70523482207307,30.835167014613784,74.65802192066805,5705.44850521522,past,0
2024-08-14 22:00:00,3909960.0,209.43715065035585,30.682667014613784,75.79718858733473,5639.210171881888,past,0
2024-08-14 23:00:00,3170908.0,182.13642624235857,30.655167014613784,76.28135525400138,5600.125,past,0
2024-08-15 00:00:00,2425862.0,155.1811144674887,30.617500000000003,76.6,5581.924017049404,past,0
2024-08-15 01:00:00,1682664.0,127.32020667545126,30.602500000000003,76.48416666666667,5560.52818371607,past,0
2024-08-15 02:00:00,1165870.0,107.90382025038036,30.5325,76.28333333333333,5539.007350382737,past,0
2024-08-15 03:00:00,1037541.0,101.16268431403256,30.585000000000004,75.62499999999999,5536.111517049404,past,0
2024-08-15 04:00:00,1246348.0,110.40442971890567,30.515,74.8475,5571.65318371607,past,0
2024-08-15 05:00:00,1623202.0,124.19544521732264,30.4525,73.96249999999999,5590.694850382737,past,0
2024-08-15 06:00:00,1823286.0,131.55492970821282,30.257500000000004,73.5975,5598.0,past,0
2024-08-15 07:00:00,1840640.0,132.06193188502888,29.9675,73.1975,5620.422838834428,past,0
2024-08-15 08:00:00,1904557.0,134.41973421564654,29.6875,73.1,5652.191797167761,past,0
2024-08-15 09:00:00,2050326.0,139.83253315026744,29.3925,72.97749999999999,5670.459775885452,past,0
2024-08-15 10:00:00,2511669.0,157.26565250600282,29.100000000000005,73.43749999999999,5697.634802425916,past,0
2024-08-15 11:00:00,3037436.0,177.27073342977997,28.795,74.3475,5745.566573353121,past,0
2024-08-15 12:00:00,3488211.0,194.40630434083653,28.447500000000005,75.0825,5790.3544900197885,past,0
2024-08-15 13:00:00,3865718.0,208.6771856052352,28.4525,75.475,5668.789135404145,past,0
2024-08-15 14:00:00,3935138.0,211.35951252285017,28.370000000000005,75.71,5679.070203611275,past,0
2024-08-15 15:00:00,4058491.0,215.91718664283337,28.52,75.5425,5687.236870277942,past,0
2024-08-15 16:00:00,4199017.0,221.0588640375284,28.680000000000003,75.21,5670.080802070811,past,0
2024-08-15 17:00:00,4203718.0,220.956767134225,28.8925,74.42999999999999,5638.6135366447015,past,0
2024-08-15 18:00:00,4170843.0,219.3429479100525,29.365,73.355,5587.575619978034,past,0
2024-08-15 19:00:00,4049025.0,214.3730501027482,29.7025,72.205,5694.051469092584,past,0
2024-08-15 20:00:00,3648431.0,199.0807076339674,30.108074112734897,71.37136743215088,5655.9181092187855,past,0
2024-08-15 21:00:00,3054078.0,176.65624013976498,30.285574112734896,70.87636743215087,5627.025130501094,past,0
2024-08-15 22:00:00,2696730.0,163.25002455762652,30.54599077940156,70.79261743215086,5611.568672167762,past,0
2024-08-15 23:00:00,2294060.0,148.15977940268422,30.826407446068227,70.74386743215088,5597.208333333333,past,0
2024-08-16 00:00:00,1653847.0,123.8213764188469,30.959324112734897,70.81011743215088,5601.895833333333,past,0
2024-08-16 01:00:00,1090791.0,103.260292213416,30.92974077940156,71.87636743215087,5606.166666666667,past,0
2024-08-16 02:00:00,763597.0,67.32535186124015,30.794583333333332,73.55624999999999,5616.270833333333,past,0
2024-08-16 03:00:00,715332.0,61.9068049554289,30.828977035490624,74.54434759916484,5631.791666666667,past,0
2024-08-16 04:00:00,903326.0,84.69859251862513,30.786477035490623,75.34184759916484,5633.791666666667,past,0
2024-08-16 05:00:00,1306199.0,112.70057879560028,30.72647703549063,75.88434759916483,5644.75,past,0
2024-08-16 06:00:00,1654003.0,126.077279158858,30.583977035490623,77.12184759916484,5664.625,past,0
2024-08-16 07:00:00,2409026.0,154.29358729717694,30.548977035490623,77.50184759916483,5708.640809977597,past,0
2024-08-16 08:00:00,3568943.0,197.13023731564073,30.631477035490622,76.65184759916484,5567.764559977597,past,0
2024-08-16 09:00:00,4506842.0,232.02264366215985,30.5625,76.67999999999999,5626.111700897782,past,0
2024-08-16 10:00:00,4679757.0,238.29238994774505,30.4525,76.2275,5710.512890127861,past,0
2024-08-16 11:00:00,4551508.0,233.39510196994587,30.297499999999996,75.87,5796.250841025642,past,0
2024-08-16 12:00:00,4458873.0,229.7617668755775,30.1675,75.3425,5856.831674358976,past,0
2024-08-16 13:00:00,4430556.0,228.4795519971667,29.832499999999996,74.7,5900.9704819458275,past,0
2024-08-16 14:00:00,4563840.0,233.38674555411808,29.49,74.55999999999999,6135.789587842574,past,0
2024-08-16 15:00:00,4698659.0,238.30379328228815,29.087499999999995,74.28750000000001,6165.289587842574,past,0
2024-08-16 16:00:00,4896351.0,245.7151822738645,28.8025,74.4525,6159.3871486124945,past,0
2024-08-16 17:00:00,4956240.0,248.1725152422415,28.49,75.0975,6148.998341025643,past,0
2024-08-16 18:00:00,4959650.0,248.33053339324516,28.207499999999996,75.18499999999999,6122.750841025642,past,0
2024-08-16 19:00:00,4788791.0,242.13012402491916,28.13,75.61749999999999,6073.721223461194,past,0
2024-08-16 20:00:00,4578561.0,234.57326690557625,28.0325,76.3525,6014.903367564449,past,0
2024-08-16 21:00:00,4076340.0,215.93742652718888,28.1075,76.4725,5965.264559977597,past,0
2024-08-16 22:00:00,3416212.0,191.49302151693755,28.054583333333337,76.77291666666666,5709.47414331093,past,0
2024-08-16 23:00:00,2735460.0,166.21205148540116,28.081666666666667,76.87833333333333,5641.375,past,0
2024-08-17 00:00:00,1971431.0,137.62836687578857,28.30125,76.86125,5594.5,past,0
2024-08-17 01:00:00,1401716.0,116.52741224827577,28.49083333333333,76.97666666666666,5563.565240083507,past,0
2024-08-17 02:00:00,1030616.0,100.34547206783292,28.705416666666665,76.58708333333333,5510.106906750174,past,0
2024-08-17 03:00:00,954683.0,91.2428683494686,28.8625,76.6125,5464.940240083507,past,0
2024-08-17 04:00:00,1107183.0,105.43272289462104,29.087499999999995,76.51499999999999,5655.356906750174,past,0
2024-08-17 05:00:00,1462512.0,118.40652721338034,29.38577766179535,75.91908663883115,5658.481906750174,past,0
2024-08-17 06:00:00,1812807.0,131.36407201210667,29.528277661795347,75.80158663883115,5666.315240083507,past,0
2024-08-17 07:00:00,2146050.0,143.4660083674661,29.68827766179535,75.05908663883115,5664.605461980372,past,0
2024-08-17 08:00:00,2803431.0,167.61006107088997,29.82827766179535,74.35408663883113,5691.344628647038,past,0
2024-08-17 09:00:00,3574569.0,196.20467943455287,30.02577766179535,74.29158663883115,5711.953851007631,past,0
2024-08-17 10:00:00,4024499.0,212.7188594064474,30.255777661795353,73.77908663883115,5728.608580563371,past,0
2024-08-17 11:00:00,4249466.0,221.1256315379594,30.31,73.9425,5740.90659823767,past,0
2024-08-17 12:00:00,4556668.0,232.238906516856,30.512500000000003,73.1375,5757.435644862581,past,0
2024-08-17 13:00:00,4684993.0,237.01084557762664,30.705,73.165,5787.461533889841,past,0
2024-08-17 14:00:00,4755180.0,239.80709835481463,30.89,73.7025,5802.543763445582,past,0
2024-08-17 15:00:00,4975250.0,247.89100185135817,31.0325,73.47,5782.627096778916,past,0
2024-08-17 16:00:00,5224912.0,257.23170355763614,31.105,73.68249999999999,5598.378200556508,past,0
2024-08-17 17:00:00,5284239.0,259.7390206109291,31.0925,74.53999999999999,5560.643978195915,past,0
2024-08-17 18:00:00,5275598.0,259.8898182081147,30.98,75.8625,5516.948264904336,past,0
2024-08-17 19:00:00,5059854.0,252.2204551408881,30.867500000000003,76.80749999999999,5450.316913896705,past,0
2024-08-17 20:00:00,4764554.0,241.5978809642444,30.702499999999997,77.75,5397.703851007631,past,0
2024-08-17 21:00:00,4247394.0,222.9274688020056,30.4225,79.21249999999999,5369.344628647038,past,0
2024-08-17 22:00:00,3630311.0,200.12082705855255,30.329166666666666,79.47416666666668,5491.813795313705,past,0
2024-08-17 23:00:00,2962907.0,175.1963372877491,30.400833333333335,79.03333333333333,5468.0,past,0
2024-08-18 00:00:00,2332733.0,151.92526005098298,30.3425,79.25,5451.833333333333,past,0
2024-08-18 01:00:00,1627821.0,125.70627530609886,30.314166666666665,79.11416666666666,5435.166666666667,past,0
2024-08-18 02:00:00,1161554.0,108.38376487229932,30.260833333333338,79.08083333333333,5419.666666666667,past,0
2024-08-18 03:00:00,1008024.0,98.33421501786168,30.3075,78.51,5413.583333333333,past,0
2024-08-18 04:00:00,1155824.0,108.04150636164874,30.257499999999997,78.71750000000002,5420.375,past,0
2024-08-18 05:00:00,1391619.0,116.94803248380734,30.069999999999997,79.14500000000001,5432.958333333333,past,0
2024-08-18 06:00:00,1686777.0,127.70019160805144,30.0775,78.56750000000001,5428.375,past,0
2024-08-18 07:00:00,1833714.0,133.10500907170237,30.015172233820454,78.4262212943637,5458.723600076081,past,0
2024-08-18 08:00:00,2090029.0,142.27248505868343,30.00517223382045,77.4487212943637,5500.5356834094155,past,0
2024-08-18 09:00:00,2608419.0,161.2651191565584,29.915172233820456,76.7387212943637,5540.137323248535,past,0
2024-08-18 10:00:00,3172244.0,182.16114369437412,29.762672233820457,76.6362212943637,5569.296339707733,past,0
2024-08-18 11:00:00,3965982.0,211.34960969528265,29.615172233820456,75.8512212943637,5605.454912956268,past,0
2024-08-18 12:00:00,4488973.0,230.76082458969768,29.37767223382046,75.8362212943637,5656.704079622935,past,0
2024-08-18 13:00:00,4586581.0,234.29684222800603,29.1625,75.59,5691.597386128723,past,0
2024-08-18 14:00:00,4921387.0,246.89371119414025,28.953851774530253,76.05806367432119,5688.027652587921,past,0
2024-08-18 15:00:00,5032280.0,251.1880806893093,28.72135177453025,76.55556367432119,5677.66317798806,past,0
2024-08-18 16:00:00,5208614.0,257.83982230238644,28.488851774530247,76.85056367432118,5668.774578195528,past,0
2024-08-18 17:00:00,5217512.0,258.295833941588,28.36385177453025,77.20306367432119,5644.964605023074,past,0
2024-08-18 18:00:00,5122294.0,254.81246254227096,28.17635177453025,77.34806367432118,5589.548771689741,past,0
2024-08-18 19:00:00,4817532.0,243.7572196051673,28.00635177453025,78.07556367432119,5554.34853177454,past,0
2024-08-18 20:00:00,4401055.0,228.23250814673835,27.8775,77.9,5553.147848648675,past,0
2024-08-18 21:00:00,3800687.0,205.9753321103346,27.912500000000005,77.99000000000001,5552.327350076081,past,0
2024-08-18 22:00:00,3334652.0,188.5981570302467,27.8575,77.77916666666667,5568.723600076081,past,0
2024-08-18 23:00:00,2762528.0,167.38748809972594,27.945000000000004,77.86333333333334,5631.625,past,0
2024-08-19 00:00:00,2089424.0,142.59276858276658,28.097499999999997,77.95,5708.833333333333,past,0
2024-08-19 01:00:00,1365682.0,115.67848425828828,28.227500000000003,77.98416666666667,5735.333333333333,past,0
2024-08-19 02:00:00,912830.0,86.83926696077488,28.27,78.12083333333332,5733.240779401527,past,0
2024-08-19 03:00:00,774690.0,70.1396611047581,28.3175,77.7075,5737.532446068194,past,0
2024-08-19 04:00:00,939477.0,89.9246413790774,28.4625,77.80499999999999,5748.157446068194,past,0
2024-08-19 05:00:00,1219248.0,109.88586751043783,28.63,77.0175,5694.990779401527,past,0
2024-08-19 06:00:00,1543648.0,121.77497968340498,28.887500000000003,76.51249999999999,5635.782446068194,past,0
2024-08-19 07:00:00,1952132.0,136.53126300427354,29.2325,75.27499999999999,5632.449121952327,past,0
2024-08-19 08:00:00,2769815.0,166.679146226565,29.6375,74.50750000000001,5642.062925884133,past,0
2024-08-19 09:00:00,3664848.0,199.77698834868156,29.929999999999996,73.9425,5660.1198898569155,past,0
2024-08-19 10:00:00,4106797.0,215.78545041039996,30.34,72.725,5693.0771978439925,past,0
2024-08-19 11:00:00,4595490.0,233.8119573687171,30.5525,72.28999999999999,5760.342504367574,past,0
2024-08-19 12:00:00,4810410.0,241.74199850200787,30.63,72.105,5870.468337700907,past,0
2024-08-19 13:00:00,4913773.0,245.58489428418935,30.6525,72.0975,5955.233635007022,past,0
2024-08-19 14:00:00,4648364.0,235.57412381749143,30.749999999999996,71.71499999999999,6055.0446929941,past,0
2024-08-19 15:00:00,4710380.0,237.93130785848209,30.8775,71.855,6140.086359660767,past,0
2024-08-19 16:00:00,4816469.0,241.94561970970108,30.94536012526123,72.04384655532242,6164.816968340355,past,0
2024-08-19 17:00:00,4856314.0,243.6731236768687,30.92286012526123,72.73134655532242,6188.635004367574,past,0
2024-08-19 18:00:00,4683504.0,237.267876176445,31.02786012526123,72.79884655532241,6210.925837700907,past,0
2024-08-19 19:00:00,4485849.0,230.19852410251815,31.000360125261235,73.59634655532241,6205.8271978439925,past,0
2024-08-19 20:00:00,4170298.0,218.7259759111172,31.000360125261235,74.3463465553224,6138.036556523581,past,0
2024-08-19 21:00:00,3926363.0,209.87776002247773,30.88786012526123,74.98384655532242,6060.187925884133,past,0
2024-08-19 22:00:00,3721662.0,202.73220217084167,30.705,76.30291666666666,6007.833342550799,past,0
2024-08-19 23:00:00,3363504.0,189.5881800153983,30.722499999999997,76.81083333333333,5922.291666666667,past,0
2024-08-20 00:00:00,2581197.0,161.07509339380525,30.6225,77.46875,5825.0,past,0
2024-08-20 01:00:00,1518075.0,121.55055243522244,30.545,77.96166666666666,5764.416666666667,past,0
2024-08-20 02:00:00,927199.0,88.86258220171263,30.42,78.63958333333333,5781.208333333333,past,0
2024-08-20 03:00:00,783261.0,71.62186308414441,30.435,78.75500000000001,5825.958333333333,past,0
2024-08-20 04:00:00,953659.0,91.8965364985355,30.540000000000003,78.22250000000001,5884.875,past,0
2024-08-20 05:00:00,1283270.0,112.80032940270772,30.575,78.0125,5988.375,past,0
2024-08-20 06:00:00,1702314.0,128.45229326342363,30.504999999999995,78.0225,6091.541666666667,past,0
2024-08-20 07:00:00,2226010.0,147.88394822387764,30.519999999999996,77.6725,6186.46597131344,past,0
2024-08-20 08:00:00,3246764.0,185.7988572042533,30.47,77.1025,6251.84097131344,past,0
2024-08-20 09:00:00,3715644.0,203.1870781497141,30.42,76.76249999999999,6296.024439886059,past,0
2024-08-20 10:00:00,4055072.0,215.7678981988556,30.225,76.4975,6339.686768775863,past,0
2024-08-20 11:00:00,3924885.0,210.8403614073276,30.045,76.3125,6387.961208661921,past,0
2024-08-20 12:00:00,4096190.0,217.1723595380253,29.885,76.13,6424.794541995255,past,0
2024-08-20 13:00:00,4057429.0,215.64201881714305,29.72,75.8975,6401.353010567873,past,0
2024-08-20 14:00:00,4032241.0,214.68270500790223,29.584999999999997,75.845,6395.140339457677,past,0
2024-08-20 15:00:00,4166806.0,219.80848812977916,29.347499999999997,76.1275,6374.932006124344,past,0
2024-08-20 16:00:00,4370798.0,227.6044278249869,29.1425,76.6275,6344.037770484344,past,0
2024-08-20 17:00:00,4455883.0,230.9466438386322,28.9,77.08999999999999,6314.729301911725,past,0
2024-08-20 18:00:00,4453105.0,231.05669200167532,28.64867432150331,77.68969206680545,6256.937635245059,past,0
2024-08-20 19:00:00,4271952.0,224.46656133337865,28.343674321503315,78.17969206680546,6239.371528692333,past,0
2024-08-20 20:00:00,4207270.0,222.17323498224613,28.173674321503313,78.52219206680546,6152.167533135863,past,0
2024-08-20 21:00:00,3590169.0,199.1599684944463,28.08867432150331,78.60969206680545,6098.567397896579,past,0
2024-08-20 22:00:00,2917611.0,174.17395080644133,27.942007654836644,78.97260873347213,6077.2993046467745,past,0
2024-08-20 23:00:00,2221742.0,148.2033498588096,27.95784098816998,79.0155254001388,6039.75,past,0
2024-08-21 00:00:00,1608527.0,124.92271773948568,28.035,78.21875,5787.0,past,0
2024-08-21 01:00:00,1074186.0,104.8161289611831,28.17858907446068,77.6999599860821,5797.583333333333,past,0
2024-08-21 02:00:00,764297.0,68.78412784774231,28.281922407794013,77.26787665274877,5908.166666666667,past,0
2024-08-21 03:00:00,720134.0,63.37787790124926,28.40025574112735,76.93079331941543,6010.585073068927,past,0
2024-08-21 04:00:00,911635.0,86.17621488870812,28.612755741127348,76.48829331941543,5776.960073068927,past,0
2024-08-21 05:00:00,1256083.0,110.97326861798928,28.757755741127344,75.94829331941544,5833.54340640226,past,0
2024-08-21 06:00:00,1596924.0,123.6352675065048,28.995255741127348,75.82079331941543,6091.04340640226,past,0
2024-08-21 07:00:00,2499352.0,157.31374921151647,29.147500000000004,75.915,6077.524411617481,past,0
2024-08-21 08:00:00,3784189.0,205.08039532179927,29.265,75.53500000000001,6080.533578284148,past,0
2024-08-21 09:00:00,4412494.0,228.21026423249933,29.492500000000003,74.7075,6092.553228656878,past,0
2024-08-21 10:00:00,4603373.0,235.01926010067515,29.7375,73.84500000000001,6417.991797650167,past,0
2024-08-21 11:00:00,4443265.0,229.0081231385204,29.8275,73.7275,6417.702526307044,past,0
2024-08-21 12:00:00,4159066.0,218.46412616095068,29.925,73.8725,6468.345859640377,past,0
2024-08-21 13:00:00,4164161.0,218.44820529580272,30.12,73.295,6543.783916415369,past,0
2024-08-21 14:00:00,4139523.0,217.42446958222783,30.350000000000005,73.00000000000001,6561.83831874199,past,0
2024-08-21 15:00:00,4331394.0,224.4674133629545,30.5425,72.69000000000001,6546.754985408658,past,0
2024-08-21 16:00:00,4530785.0,232.00105469031945,30.585000000000004,72.97,6500.575583082035,past,0
2024-08-21 17:00:00,4644685.0,236.13346886272427,30.822500000000005,72.65,6494.679192973711,past,0
2024-08-21 18:00:00,4575877.0,233.43087442006265,31.007500000000004,72.265,6482.952526307044,past,0
2024-08-21 19:00:00,4482483.0,230.1601229568342,31.06,72.8575,6457.116797650167,past,0
2024-08-21 20:00:00,4291848.0,223.312988453838,31.1275,73.58749999999999,6443.053228656878,past,0
2024-08-21 21:00:00,3814180.0,205.93027640113743,31.007500000000004,74.78250000000001,6408.07350521522,past,0
2024-08-21 22:00:00,3123749.0,180.27623078406023,31.0325,75.02666666666667,6385.460171881888,past,0
2024-08-21 23:00:00,2470006.0,156.11121896119164,30.915000000000003,75.61083333333333,6333.708333333333,past,0
2024-08-22 00:00:00,1843475.0,133.5586398489052,30.787500000000005,76.135,6304.020833333333,past,0
2024-08-22 01:00:00,1275862.0,112.10929753021836,30.827500000000004,75.86416666666668,6021.916666666667,past,0
2024-08-22 02:00:00,880617.0,82.5950271852879,30.705,76.18583333333333,5999.8125,past,0
2024-08-22 03:00:00,818141.0,75.03874944130604,30.642787056367407,76.10333507306906,6007.166666666667,past,0
2024-08-22 04:00:00,928934.0,88.48207025254584,30.56278705636741,76.34833507306907,6039.166666666667,past,0
2024-08-22 05:00:00,1256400.0,111.55511592919646,30.5427870563674,76.36333507306905,6060.666666666667,past,0
2024-08-22 06:00:00,1509633.0,120.9878002845786,30.5777870563674,76.10083507306906,6039.541666666667,past,0
2024-08-22 07:00:00,2277333.0,149.79717166040908,30.567787056367408,75.90333507306906,6240.25617216776,past,0
2024-08-22 08:00:00,3315128.0,188.65661826756917,30.5477870563674,75.39583507306907,6220.900130501094,past,0
2024-08-22 09:00:00,3759496.0,205.1829773659647,30.5,74.8625,6262.209775885451,past,0
2024-08-22 10:00:00,3742816.0,204.4227051347242,30.4725,74.49,6260.718135759249,past,0
2024-08-22 11:00:00,3483062.0,194.4113871546215,30.367500000000003,73.81750000000001,6269.492286644701,past,0
2024-08-22 12:00:00,3239512.0,185.12104525949516,30.13,73.4575,6320.071869978034,past,0
2024-08-22 13:00:00,3138473.0,181.264845436696,29.834999999999997,73.3025,6437.256515362391,past,0
2024-08-22 14:00:00,3109362.0,180.21518425629935,29.5975,73.42999999999999,6482.912583569522,past,0
2024-08-22 15:00:00,3175313.0,182.76568336277367,29.325000000000003,73.625,6437.745916902855,past,0
2024-08-22 16:00:00,3360182.0,189.7255389206517,29.075000000000003,73.64,6407.964848695724,past,0
2024-08-22 17:00:00,3448360.0,193.17902889684737,28.885,74.0225,6369.778550562584,past,0
2024-08-22 18:00:00,3495051.0,195.21800008404648,28.76,74.815,6287.657300562584,past,0
2024-08-22 19:00:00,3549535.0,197.32197596291,28.555000000000007,74.96749999999999,6161.4248163438,past,0
2024-08-22 20:00:00,3398794.0,191.6985501189013,28.4075,75.1,6059.624789803335,past,0
2024-08-22 21:00:00,2977864.0,176.099050578626,28.33,75.76,5996.481811085644,past,0
2024-08-22 22:00:00,2464735.0,157.0503177575181,28.160416666666663,76.47375,5955.858686085645,past,0
2024-08-22 23:00:00,1945813.0,137.76940073461458,28.070833333333336,77.1475,5946.916666666667,past,0
2024-08-23 00:00:00,1456913.0,119.47426915807804,27.93375,77.38374999999999,5939.729166666667,past,0
2024-08-23 01:00:00,968654.0,93.78567274598974,28.049166666666665,77.7475,5952.583333333333,past,0
2024-08-23 02:00:00,699616.0,61.494637957360055,28.09208333333333,78.06375,5936.104166666667,past,0
2024-08-23 03:00:00,647138.0,55.13762880211625,28.209999999999997,77.89,5896.416666666667,past,0
2024-08-23 04:00:00,776336.0,70.4644851174041,28.472499999999997,77.36749999999999,5847.106036882394,past,0
2024-08-23 05:00:00,1020805.0,99.69171760671378,28.69233298538634,76.62393528183712,5787.397703549061,past,0
2024-08-23 06:00:00,1276220.0,112.17986023546068,29.034832985386338,75.99393528183712,5726.147703549061,past,0
2024-08-23 07:00:00,1993250.0,138.99560512902693,29.254832985386333,75.53393528183712,5676.663513526656,past,0
2024-08-23 08:00:00,3073123.0,179.44267656039125,29.444832985386338,75.01393528183712,5679.412263526657,past,0
2024-08-23 09:00:00,3607590.0,199.1404567188013,29.617332985386337,73.85643528183714,5703.9260711135075,past,0
2024-08-23 10:00:00,3577690.0,197.6375227595126,29.799832985386335,72.79643528183713,5726.179556794527,past,0
2024-08-23 11:00:00,2918320.0,172.79922651121183,29.894999999999996,72.7175,5773.709174358976,past,0
2024-08-23 12:00:00,2975943.0,174.70173072547465,29.924911273486504,71.97224425887255,5844.748341025643,past,0
2024-08-23 13:00:00,3004308.0,175.57205881910664,30.08241127348651,71.41974425887257,5895.4288152791605,past,0
2024-08-23 14:00:00,3073727.0,178.07179591979852,30.264911273486508,71.10474425887257,5912.456254509241,past,0
2024-08-23 15:00:00,3196597.0,182.7280088859716,30.439911273486505,71.19724425887256,5920.164587842574,past,0
2024-08-23 16:00:00,3409479.0,190.94133540606907,30.452411273486508,71.76724425887257,5918.678815279162,past,0
2024-08-23 17:00:00,3593083.0,197.98082653522144,30.457411273486503,72.13474425887256,5862.623341025644,past,0
2024-08-23 18:00:00,3677754.0,201.25685372458196,30.679999999999996,72.3875,5762.500841025644,past,0
2024-08-23 19:00:00,3660558.0,200.87808130915948,30.672499999999996,73.14,5702.804556794527,past,0
2024-08-23 20:00:00,3741478.0,203.92375444531237,30.7675,73.1425,5653.236700897782,past,0
2024-08-23 21:00:00,3583471.0,198.0283244909511,30.889999999999997,73.2825,5601.681226644264,past,0
2024-08-23 22:00:00,3038724.0,177.6533431751952,31.019583333333333,73.62541666666667,5537.97414331093,past,0
2024-08-23 23:00:00,2270415.0,148.97065532260453,31.074166666666667,74.26083333333334,5513.833333333333,past,0
2024-08-24 00:00:00,1041101.0,101.2917787729968,30.90625,75.59875,5538.75,past,0
2024-08-24 01:00:00,691881.0,59.89951882848796,30.765833333333333,76.83166666666666,5531.666666666667,past,0
2024-08-24 02:00:00,849733.0,79.22666180749675,30.632916666666663,78.09958333333331,5515.416666666667,past,0
2024-08-24 03:00:00,906079.0,86.37164038735001,30.455,79.205,5508.333333333333,past,0
2024-08-24 04:00:00,1040570.0,102.96721803457778,30.237499999999997,80.47749999999999,5528.083333333333,past,0
2024-08-24 05:00:00,1417878.0,118.46189752267696,30.227499999999996,80.5675,5530.958333333333,past,0
2024-08-24 06:00:00,1701754.0,129.01191184312526,30.215,80.58,5527.333333333333,past,0
2024-08-24 07:00:00,2113646.0,144.3014819973408,30.2125,80.5475,5538.7885691480815,past,0
2024-08-24 08:00:00,2841007.0,171.3458913002866,30.185,80.615,5568.819402481416,past,0
2024-08-24 09:00:00,3567014.0,198.46120990825483,30.125,81.0225,5603.428624842009,past,0
2024-08-24 10:00:00,4061815.0,216.6551484583908,30.185,80.49749999999999,5641.791687731083,past,0
2024-08-24 11:00:00,4374439.0,228.06901346321308,30.1575,79.93749999999999,5683.673038738714,past,0
2024-08-24 12:00:00,4491916.0,232.34754506487604,30.0375,79.69749999999999,5736.776372072048,past,0
2024-08-24 13:00:00,4665688.0,238.58188146687564,29.897499999999997,79.07749999999999,5780.744153931596,past,0
2024-08-24 14:00:00,4724784.0,240.71829625588907,29.68870563674309,78.91224947808014,5802.534716820671,past,0
2024-08-24 15:00:00,4869372.0,245.99326508560344,29.433705636743085,78.64224947808015,5819.284716820671,past,0
2024-08-24 16:00:00,4954731.0,249.10361688987,29.171205636743085,78.47224947808014,5815.20248726493,past,0
2024-08-24 17:00:00,5031557.0,252.05472990296747,28.921205636743093,78.74474947808015,5808.67659823767,past,0
2024-08-24 18:00:00,5126813.0,255.71900876408515,28.72120563674309,79.09724947808014,5781.071177221657,past,0
2024-08-24 19:00:00,5014263.0,251.51923284544716,28.55870563674309,79.04474947808015,5754.39815954736,past,0
2024-08-24 20:00:00,4840089.0,245.0561550186171,28.2925,79.06499999999998,5726.8267633249525,past,0
2024-08-24 21:00:00,4330612.0,226.2056208571566,28.195000000000004,79.27749999999999,5726.84254096436,past,0
2024-08-24 22:00:00,3692327.0,202.52788174574115,28.044166666666666,79.37166666666666,5742.436707631026,past,0
2024-08-24 23:00:00,3109291.0,181.01485422263295,27.92833333333333,79.78083333333332,5771.456245650655,past,0
2024-08-25 00:00:00,2514886.0,158.93976857358257,27.7925,79.57,5796.0,past,0
2024-08-25 01:00:00,1733499.0,130.04106334915062,27.711666666666662,80.00166666666667,5823.75,past,0
2024-08-25 02:00:00,1317769.0,114.62369878110326,27.78333333333333,80.11333333333334,5865.833333333333,past,0
2024-08-25 03:00:00,1057618.0,104.81065566794096,27.8725,79.80499999999999,5887.833333333333,past,0
2024-08-25 04:00:00,1086073.0,105.69771754813772,28.025,79.24000000000001,5895.833333333333,past,0
2024-08-25 05:00:00,1326564.0,114.47002969382746,28.159999999999997,78.765,5897.541666666667,past,0
2024-08-25 06:00:00,1550537.0,122.6210595151267,28.365,78.27000000000001,5915.166666666667,past,0
2024-08-25 07:00:00,1760440.0,130.10011880941408,28.645,77.3575,5948.306933409414,past,0
2024-08-25 08:00:00,2009360.0,139.1501783936132,29.0025,76.7825,5967.0356834094155,past,0
2024-08-25 09:00:00,2467091.0,155.9390429497812,29.23,76.1375,5987.762323248535,past,0
2024-08-25 10:00:00,3085740.0,178.67977385147398,29.507500000000004,75.40500000000002,6030.379673041066,past,0
2024-08-25 11:00:00,3709146.0,201.36743447975363,29.83,74.02750000000002,6048.996579622934,past,0
2024-08-25 12:00:00,4278455.0,222.18988845917409,30.147500000000004,73.06,6073.495746289602,past,0
2024-08-25 13:00:00,4607542.0,234.147539590626,30.367500000000003,72.28,6080.930719462056,past,0
2024-08-25 14:00:00,4654955.0,235.6091544231048,30.522499999999997,71.435,6079.360985921255,past,0
2024-08-25 15:00:00,4718474.0,237.864784248548,30.672500000000003,71.1375,6058.610985921255,past,0
2024-08-25 16:00:00,4834360.0,242.08030293685476,30.85862212943637,70.87602296450909,6014.514052795389,past,0
2024-08-25 17:00:00,4975202.0,247.7456062398826,30.69862212943636,72.0785229645091,5980.120746289602,past,0
2024-08-25 18:00:00,5001705.0,248.9930328189405,30.68112212943636,72.81352296450909,5921.371579622934,past,0
2024-08-25 19:00:00,4767340.0,240.24707051921635,30.82112212943636,72.7235229645091,5852.3380063744,past,0
2024-08-25 20:00:00,4544180.0,231.99971293155073,30.85612212943637,72.8635229645091,5792.303989915202,past,0
2024-08-25 21:00:00,3899499.0,208.2055326738135,30.79112212943636,73.35602296450911,5750.994016742748,past,0
2024-08-25 22:00:00,3336353.0,187.58660753594808,30.730000000000004,74.25166666666667,5713.265266742747,past,0
2024-08-25 23:00:00,2849739.0,169.42436496761982,30.94772964509397,74.0565848990949,5683.625,past,0
2024-08-26 00:00:00,2106845.0,142.1099890938378,30.97022964509397,74.27575156576158,5667.541666666667,past,0
2024-08-26 01:00:00,1411068.0,116.7206921589516,30.76272964509397,75.83491823242822,5659.416666666667,past,0
2024-08-26 02:00:00,972091.0,93.67648675180462,30.58022964509397,77.1290848990949,5655.458333333333,past,0
2024-08-26 03:00:00,818433.0,75.52273740345491,30.502729645093968,77.96325156576155,5635.166666666667,past,0
2024-08-26 04:00:00,919906.0,87.87572480538908,30.40272964509397,78.45325156576156,5621.666666666667,past,0
2024-08-26 05:00:00,1196188.0,109.80151588908376,30.2825,78.90249999999999,5619.958333333333,past,0
2024-08-26 06:00:00,1510994.0,121.56362638418368,30.242500000000003,78.96749999999999,5621.333333333333,past,0
2024-08-26 07:00:00,2057308.0,141.69116840699462,30.325000000000003,78.2825,5620.500009217466,past,0
2024-08-26 08:00:00,2934485.0,174.15194903604691,30.429999999999996,77.585,5636.903305146483,past,0
2024-08-26 09:00:00,3617259.0,199.56764479731677,30.41,77.46,5679.418602452598,past,0
2024-08-26 10:00:00,3763105.0,204.9856614707624,30.367499999999996,77.40249999999999,5739.125910439677,past,0
2024-08-26 11:00:00,3841579.0,207.8896317598064,30.2775,77.33999999999999,5769.682883629924,past,0
2024-08-26 12:00:00,3920152.0,210.84185558868953,30.145,77.40249999999999,5803.100383629924,past,0
2024-08-26 13:00:00,3954276.0,212.09203937350188,29.992499999999996,77.33999999999999,5832.074014269372,past,0
2024-08-26 14:00:00,4092239.0,217.2651214940249,29.787500000000005,77.42,5846.711359660767,past,0
2024-08-26 15:00:00,4222709.0,221.9502442428457,29.72,76.915,5821.336359660767,past,0
2024-08-26 16:00:00,4452149.0,230.34818345475057,29.515,76.47250000000001,5777.108635007022,past,0
2024-08-26 17:00:00,4603438.0,235.77933289769973,29.3325,75.8825,5741.926671034241,past,0
2024-08-26 18:00:00,4622662.0,236.39725763689495,29.1375,75.605,5693.342504367574,past,0
2024-08-26 19:00:00,4344333.0,226.19677363634236,28.92,76.10499999999999,5625.228380864178,past,0
2024-08-26 20:00:00,3741522.0,203.74057213491253,28.77,76.16749999999999,5564.396072877099,past,0
2024-08-26 21:00:00,3100444.0,179.9046513696313,28.5275,76.3625,5550.089108904318,past,0
2024-08-26 22:00:00,2511828.0,158.29876753406106,28.27,77.32541666666665,5533.776192237651,past,0
2024-08-26 23:00:00,1863234.0,134.35562802070132,28.125,78.00583333333333,5528.817849686852,past,0
2024-08-27 00:00:00,1312101.0,113.90505717233744,28.005,78.58874999999999,5538.067849686852,past,0
2024-08-27 01:00:00,1050839.0,103.40771032173367,27.889180584551212,78.07699025747978,5579.375,past,0
2024-08-27 02:00:00,773736.0,70.34743207653945,27.869180584551213,78.60490692414645,5600.208333333333,past,0
2024-08-27 03:00:00,702788.0,61.89543923528602,27.899180584551218,78.6953235908131,5607.708333333333,past,0
2024-08-27 04:00:00,872095.0,81.8508967469681,28.156680584551214,77.82532359081311,5620.416666666667,past,0
2024-08-27 05:00:00,1228953.0,110.3804937655372,28.37168058455121,77.38032359081309,5649.875,past,0
2024-08-27 06:00:00,1660494.0,126.16719796655455,28.611680584551213,76.6228235908131,5660.458333333333,past,0
2024-08-27 07:00:00,2617043.0,161.77611982474158,28.9225,76.6725,5676.1743046467745,past,0
2024-08-27 08:00:00,3970306.0,211.8510658544444,29.1275,75.895,5529.4659713134415,past,0
2024-08-27 09:00:00,4759222.0,241.19341455585183,29.289999999999996,75.8625,5591.774439886059,past,0
2024-08-27 10:00:00,4901318.0,246.5687457388962,29.3775,76.11,5640.020102109196,past,0
2024-08-27 11:00:00,4712855.0,239.55820926953788,29.465,76.115,5697.502875328588,past,0
2024-08-27 12:00:00,4449358.0,229.5151784664016,29.63,75.44500000000001,5764.669541995255,past,0
2024-08-27 13:00:00,4424263.0,228.32031270228111,29.8475,74.7125,5836.478010567873,past,0
2024-08-27 14:00:00,4441250.0,228.72331579212272,29.9275,74.07,6060.890339457677,past,0
2024-08-27 15:00:00,4546108.0,232.7050767737837,29.9525,74.295,6060.057006124344,past,0
2024-08-27 16:00:00,4652709.0,236.36043782925836,30.139999999999997,73.4225,6053.64467723454,past,0
2024-08-27 17:00:00,4580885.0,233.3529097674239,30.3925,72.4825,6022.044541995255,past,0
2024-08-27 18:00:00,4606320.0,234.4311967609038,30.459999999999997,72.8525,5997.502875328588,past,0
2024-08-27 19:00:00,4581384.0,233.96058465480488,30.2825,74.135,5998.895102109196,past,0
2024-08-27 20:00:00,4456582.0,229.31785126090872,30.455,74.1375,6010.357773219392,past,0
2024-08-27 21:00:00,3849684.0,206.33448206824175,30.7525,73.01,6006.382637980107,past,0
2024-08-27 22:00:00,3079084.0,177.9170903288794,30.790833333333335,73.72541666666667,6063.799304646774,past,0
2024-08-27 23:00:00,2358146.0,151.59706558829265,30.646666666666665,75.14083333333333,6119.875,past,0
2024-08-28 00:00:00,1663295.0,125.98141235790531,30.625,76.00625000000001,6197.541666666667,past,0
2024-08-28 01:00:00,1085036.0,104.50796819649484,30.718333333333337,76.05666666666667,6242.166666666667,past,0
2024-08-28 02:00:00,671480.0,57.53795129761319,30.661666666666665,77.01708333333333,6314.875,past,0
2024-08-28 03:00:00,635768.0,53.598176620473765,30.542766179540553,77.92027661795491,6427.083333333333,past,0
2024-08-28 04:00:00,856657.0,80.05141573943317,30.517766179540555,78.05277661795492,6485.208333333333,past,0
2024-08-28 05:00:00,1203963.0,109.41677084287916,30.58526617954055,77.42777661795492,6542.791666666667,past,0
2024-08-28 06:00:00,1587853.0,123.58985146364948,30.65776617954055,77.16277661795492,6590.333333333333,past,0
2024-08-28 07:00:00,2544440.0,158.92375171130783,30.68776617954055,76.55027661795492,6650.981005215221,past,0
2024-08-28 08:00:00,3965990.0,211.612313678417,30.68526617954055,76.14527661795492,6692.94850521522,past,0
2024-08-28 09:00:00,4799961.0,242.56279360411384,30.6775,76.02,6706.87360096031,past,0
2024-08-28 10:00:00,5059246.0,252.17786047887537,30.658188935281487,75.95983298538886,6754.0621699536,past,0
2024-08-28 11:00:00,4770722.0,241.4493081740443,30.62568893528149,75.94483298538886,6813.3145652771445,past,0
2024-08-28 12:00:00,4512493.0,231.67557399730543,30.50318893528149,75.44983298538885,6837.416231943811,past,0
2024-08-28 13:00:00,4450055.0,229.2748087975601,30.410688935281488,75.22483298538884,6820.770955385468,past,0
2024-08-28 14:00:00,4393299.0,227.1458234361227,30.20318893528149,75.16983298538885,6822.5753577120895,past,0
2024-08-28 15:00:00,4501774.0,230.9340680256176,30.068188935281487,74.48733298538885,6831.879985408658,past,0
2024-08-28 16:00:00,4623035.0,235.45157591786565,29.8725,74.5175,6826.492249748701,past,0
2024-08-28 17:00:00,4561161.0,233.32399246214,29.64,75.0,6788.887526307044,past,0
2024-08-28 18:00:00,4357313.0,225.87795358326196,29.4625,75.365,6792.744192973711,past,0
2024-08-28 19:00:00,4317889.0,224.55711238107176,29.24000000000001,75.77,6777.3251309835005,past,0
2024-08-28 20:00:00,4271309.0,222.9712044577729,29.1075,76.17750000000001,6735.549836172549,past,0
2024-08-28 21:00:00,3950956.0,211.2121058041469,28.905000000000005,76.58999999999999,6685.07011273089,past,0
2024-08-28 22:00:00,3275644.0,186.0366993012515,28.700000000000003,76.37416666666667,6639.873446064225,past,0
2024-08-28 23:00:00,2614164.0,161.35754441168368,28.562500000000004,76.10833333333333,6599.954940849005,past,0
2024-08-29 00:00:00,1904721.0,135.2604379347773,28.350000000000005,76.2325,6497.100774182338,past,0
2024-08-29 01:00:00,1300761.0,112.8596373320512,28.17,76.56166666666668,6474.621607515671,past,0
2024-08-29 02:00:00,784907.0,71.04965586481276,27.965000000000003,76.69583333333334,6461.9375,past,0
2024-08-29 03:00:00,670995.0,57.50129994912199,27.8625,76.9275,6410.583333333333,past,0
2024-08-29 04:00:00,802487.0,73.45886088911324,27.81750000000001,77.545,6342.041666666667,past,0
2024-08-29 05:00:00,1045721.0,102.54399530775063,27.805000000000003,77.16,6283.291666666667,past,0
2024-08-29 06:00:00,1389040.0,116.26898697263005,27.92750000000001,76.8925,6291.125,past,0
2024-08-29 07:00:00,2210241.0,146.52405035202978,28.132500000000004,75.875,6313.756172167762,past,0
2024-08-29 08:00:00,3522390.0,195.16302224641225,28.417500000000004,75.08,6304.691797167761,past,0
2024-08-29 09:00:00,3706221.0,201.70418393922785,28.6275,74.20249999999999,6373.0431092187855,past,0
2024-08-29 10:00:00,4151313.0,217.85077686001657,28.8475,72.945,6468.634802425916,past,0
2024-08-29 11:00:00,4445870.0,228.6976217896165,29.152500000000003,72.565,6579.783953311368,past,0
2024-08-29 12:00:00,4247721.0,221.08152498910343,29.45765657620061,71.92466597077288,6660.405203311367,past,0
2024-08-29 13:00:00,4196397.0,218.9736624616317,29.6801565762006,71.37966597077289,6671.631515362391,past,0
2024-08-29 14:00:00,4114252.0,215.9216492255208,29.800156576200603,71.40966597077288,6707.537583569523,past,0
2024-08-29 15:00:00,4318138.0,223.35492544347773,30.077656576200607,70.93716597077288,6709.579250236188,past,0
2024-08-29 16:00:00,4550795.0,231.9411158910399,30.3101565762006,70.68966597077288,6686.423182029059,past,0
2024-08-29 17:00:00,4635667.0,234.9450751211461,30.502656576200604,70.23966597077289,6676.030203311367,past,0
2024-08-29 18:00:00,4639709.0,234.9577549678381,30.617499999999996,69.85249999999999,6669.742286644701,past,0
2024-08-29 19:00:00,4576544.0,232.70875770065172,30.812500000000004,70.14999999999999,6602.926469092582,past,0
2024-08-29 20:00:00,4346362.0,223.84854687222665,31.102500000000003,69.36999999999999,6535.418109218784,past,0
2024-08-29 21:00:00,3806279.0,203.67991629655617,31.272499999999997,69.27999999999999,6486.775130501094,past,0
2024-08-29 22:00:00,3091910.0,177.0154050813332,31.462916666666672,69.19624999999999,6421.610338834428,past,0
2024-08-29 23:00:00,2411259.0,151.83530710393194,31.44333333333333,69.74999999999999,6321.208333333333,past,0
2024-08-30 00:00:00,1754289.0,127.74699908012936,31.31375,71.40375,6217.020833333333,past,0
2024-08-30 01:00:00,1176700.0,106.77641210809732,31.151666666666667,72.8175,6193.041666666667,past,0
2024-08-30 02:00:00,800956.0,71.94764965393772,30.979583333333338,74.00375,6175.270833333333,past,0
2024-08-30 03:00:00,735799.0,64.65531166470126,30.8375,75.41,6156.625,past,0
2024-08-30 04:00:00,916800.0,86.88534165821903,30.65,76.97,6160.416666666667,past,0
2024-08-30 05:00:00,1273736.0,112.14883150255258,30.569999999999997,77.7675,6164.666666666667,past,0
2024-08-30 06:00:00,1647239.0,126.10329257159216,30.53,77.9575,6212.458333333333,past,0
2024-08-30 07:00:00,2569895.0,160.33427822067983,30.5625,77.7525,6233.182476644263,past,0
2024-08-30 08:00:00,3966783.0,212.42432982017948,30.524999999999995,78.185,6259.806226644264,past,0
2024-08-30 09:00:00,4792662.0,243.2327501159692,30.44749999999999,78.4725,6288.236700897782,past,0
2024-08-30 10:00:00,5005879.0,251.18148249669315,30.367499999999996,78.53249999999998,6312.626929793783,past,0
2024-08-30 11:00:00,4735808.0,241.14299924886183,30.33,78.53999999999999,6372.406547358231,past,0
2024-08-30 12:00:00,4479546.0,231.46641997524915,30.42,78.1225,6398.487380691565,past,0
2024-08-30 13:00:00,4369054.0,227.25319524823993,30.414999999999996,77.8275,6418.917854945084,past,0
2024-08-30 14:00:00,4491284.0,231.61058367080588,30.364337160751656,77.30270876826822,6426.028627508497,past,0
2024-08-30 15:00:00,4656014.0,237.4580196266244,30.32933716075166,76.52520876826823,6387.98696084183,past,0
2024-08-30 16:00:00,4901835.0,246.3498049398794,30.289337160751657,75.83020876826824,6364.4704819458275,past,0
2024-08-30 17:00:00,4808458.0,242.67309204061985,30.191837160751657,75.25520876826822,6307.956674358976,past,0
2024-08-30 18:00:00,4844892.0,243.97689643827175,30.029337160751652,75.11270876826822,6200.834174358976,past,0
2024-08-30 19:00:00,4776856.0,241.4500125350923,29.811837160751654,75.12020876826823,6107.637890127861,past,0
2024-08-30 20:00:00,4758633.0,240.801823402952,29.605,75.2025,6056.945034231115,past,0
2024-08-30 21:00:00,4462187.0,229.84956857163976,29.3575,75.3975,6024.514559977597,past,0
2024-08-30 22:00:00,3822998.0,206.12179305195724,29.240499999999997,75.5015,5980.318971973116,past,0
2024-08-30 23:00:00,3130107.0,180.48544792635892,29.1175,75.8525,5933.375,present,0
2024-08-31 00:00:00,2018811.9555013473,153.32734138996457,29.045646250984767,75.9231792699543,5968.707011120778,future,1
2024-08-31 01:00:00,859450.1089356337,115.64349061142482,29.108296887545926,76.1908794922816,6092.13774341414,future,2
2024-08-31 02:00:00,0.0,63.38274116465374,29.106306667356144,76.54402249791944,6042.822777904612,future,3
2024-08-31 03:00:00,0.0,19.30666580312416,29.353689760933435,76.73147405489306,6070.9803576075155,future,4
2024-08-31 04:00:00,0.0,0.0,29.627354370710858,76.80524501289952,6125.000343428838,future,5
2024-08-31 05:00:00,0.0,0.0,29.760481106987683,76.72051305454654,6136.856262136361,future,6
2024-08-31 06:00:00,0.0,0.0,29.854900011327082,76.58991286659918,6109.905339129744,future,7
2024-08-31 07:00:00,0.0,0.0,29.81956620415738,76.38272318255632,6094.468581771988,future,8
2024-08-31 08:00:00,0.0,50.664186943526516,29.51033760450403,76.31416747814926,6087.223768757771,future,9
2024-08-31 09:00:00,601912.9234950999,47.42237437297101,29.131489262276137,76.37538947248908,5580.1090898623115,future,10
2024-08-31 10:00:00,1791492.9533007795,125.14748327398843,28.388597945144575,76.48592641111725,5438.760704858131,future,11
2024-08-31 11:00:00,2413709.8248820445,149.2852113974785,28.00456881660319,76.46717589182103,5305.288865694353,future,12
2024-08-31 12:00:00,2659464.884828328,158.4256792163291,28.01973570317405,76.24536386535662,5382.137597881852,future,13
2024-08-31 13:00:00,2967324.3389915777,169.90806795911988,28.33175614936463,75.9265852806185,5510.601885971264,future,14
2024-08-31 14:00:00,3117343.045314654,174.20683126211858,28.75119749352896,75.64333169742622,5602.4628794913015,future,15
2024-08-31 15:00:00,3161777.5562716196,176.11084684843775,29.364913609584317,75.24981677109257,5655.86951439709,future,16
2024-08-31 16:00:00,3363763.12416574,185.04533275996175,29.96300415839045,74.86956157766816,5816.891906340731,future,17
2024-08-31 17:00:00,3087407.0927149574,153.71215452186348,30.23066123803397,74.73747088550722,5968.467105624339,future,18
2024-08-31 18:00:00,3261073.993199174,158.62580955771278,30.264117307051585,74.7910327346585,5637.361422540657,future,19
2024-08-31 19:00:00,3647147.963709575,183.78267197053913,30.391114797089838,74.89765504171655,5580.398620942354,future,20
2024-08-31 20:00:00,4159521.04416558,206.42077732585335,30.642494802769196,74.80549615246352,5555.267676756047,future,21
2024-08-31 21:00:00,4485512.308260017,220.14032606113753,30.845434979138933,74.75310994787695,5533.986694551869,future,22
2024-08-31 22:00:00,4501754.956057473,201.94044988577323,30.937360296532667,74.87988639621358,5520.227644964363,future,23
2024-08-31 23:00:00,4057077.086490005,148.0306240085164,31.187154578452716,74.9820263553405,5888.625295221445,future,24
