timestamp,actual_traffic_flow,predicted_traffic_flow,raw_predicted_traffic_flow,actual_aqi,predicted_aqi,raw_predicted_aqi,actual_temperature,predicted_temperature,raw_predicted_temperature,actual_electricity_demand,predicted_electricity_demand,raw_predicted_electricity_demand
2025-07-19 15:00:00,15192.3545,14567.739,13736.64,44.202682,44.290047,44.296688,21.0,22.702145,22.664452,4856.18,5376.161,5098.094
2025-07-19 16:00:00,18767.025,16660.043,15894.5,44.205368,44.1983,44.077606,21.0,21.091576,22.595976,4858.3003,5181.8545,4952.0938
2025-07-19 17:00:00,22937.477,19603.195,18584.88,44.208054,44.21809,45.348553,21.0,21.091576,22.595839,4843.98,5037.2485,4726.525
2025-07-19 18:00:00,24724.81,21097.547,19418.727,44.21074,44.232216,46.20206,21.0,21.091778,22.655506,4755.11,4922.492,4557.7896
2025-07-19 19:00:00,21150.139,19528.848,17150.484,44.213425,44.221405,45.219276,21.0,21.091944,22.70488,4718.11,4827.3145,4467.2573
2025-07-19 20:00:00,16681.8,16028.284,13797.611,44.216106,44.207096,43.978413,21.0,21.092005,22.722618,4645.45,4772.6094,4406.1865
2025-07-19 21:00:00,13107.13,12483.905,10594.564,44.218792,44.20164,43.39009,21.0,21.092173,22.772139,4379.78,4687.1016,4320.2437
2025-07-19 22:00:00,9532.458,9735.476,8135.617,44.221474,44.204426,43.408474,21.0,21.092388,22.836086,4101.3403,4502.841,4205.067
2025-07-19 23:00:00,8043.011,7611.0586,6418.321,44.22416,44.2205,44.40578,21.0,21.09252,22.87467,3753.9602,4324.5703,4107.3726
2025-07-20 00:00:00,4700.897,6289.14,5183.7007,44.226845,44.23707,45.43924,22.7,21.092407,22.841246,3505.4102,4103.979,3988.3105
2025-07-20 01:00:00,3846.1882,4903.8613,4292.3447,44.22953,44.26848,47.566303,22.7,22.73682,22.747984,3412.6099,4016.2227,4011.7727
2025-07-20 02:00:00,3205.157,4640.4683,4172.3994,44.232216,44.266727,47.250324,22.7,22.736612,22.686773,3224.19,3934.9258,3945.2856
2025-07-20 03:00:00,3205.157,4733.227,4427.4717,44.2349,44.26428,46.883194,22.7,22.736599,22.682678,3206.8901,3833.183,3908.4697
2025-07-20 04:00:00,4273.5425,5422.814,5247.06,44.237583,44.265945,46.81902,22.7,22.736788,22.738422,3294.66,3790.931,3854.062
2025-07-20 05:00:00,6837.6675,7402.669,7358.7817,44.24027,44.269688,46.90827,22.7,22.736826,22.749592,3280.0598,3825.48,3851.2966
2025-07-20 06:00:00,10897.533,10850.714,10877.547,44.242954,44.283928,47.770443,22.7,22.737038,22.812174,3559.95,3872.2031,3933.1104
2025-07-20 07:00:00,13675.335,13888.728,13571.054,44.245636,44.29113,48.11408,22.7,22.737263,22.878887,4486.18,4172.173,4218.5645
2025-07-20 08:00:00,14743.721,14564.789,13746.984,44.24832,44.295044,48.21575,22.7,22.737307,22.89178,4792.3203,4795.716,4590.8716
2025-07-20 09:00:00,11965.919,12508.297,11061.421,44.251007,44.28705,47.440037,22.7,22.737373,22.911308,5026.5,5186.3623,5000.07
2025-07-20 10:00:00,10042.825,10717.714,9560.859,44.253693,44.286373,47.203575,22.7,22.737474,22.941427,5122.77,5428.458,5225.131
2025-07-20 11:00:00,9188.116,9725.541,8816.121,44.25638,44.277977,46.39813,22.7,22.737625,22.985937,5151.86,5481.7246,5245.9307
2025-07-20 12:00:00,8760.763,9462.089,8696.105,44.259064,44.268997,45.550125,22.7,22.737703,23.008623,4845.91,5428.398,5144.5776
2025-07-20 13:00:00,8974.439,9637.705,9001.38,44.26174,44.25992,44.694576,22.7,22.737617,22.983702,4778.93,5194.4883,4978.2734
2025-07-20 14:00:00,9615.471,10253.802,9685.349,44.264427,44.252735,43.979237,22.7,22.737375,22.911713,4579.27,5041.572,4784.17
2025-07-20 15:00:00,10897.533,11268.688,10746.735,44.267113,44.24534,43.24763,22.7,22.737066,22.820797,4628.52,4829.889,4584.1084
2025-07-20 16:00:00,13461.658,13283.244,12851.425,44.2698,44.240868,42.73151,22.7,22.73689,22.769045,4592.2603,4739.868,4412.923
2025-07-20 17:00:00,16453.139,16134.342,15660.706,44.272484,44.256874,43.723724,22.7,22.736973,22.793297,4576.04,4647.8555,4293.532
2025-07-20 18:00:00,17735.201,17717.312,16866.242,44.275166,44.267563,44.324413,22.7,22.737259,22.877518,4517.66,4632.9116,4280.773
2025-07-20 19:00:00,15171.075,16005.09,14541.574,44.27785,44.25626,43.305313,22.7,22.737507,22.950592,4766.41,4603.5664,4272.743
2025-07-20 20:00:00,11965.919,12685.775,11175.807,44.280537,44.247257,42.455303,22.7,22.737688,23.004187,4579.62,4678.542,4229.337
2025-07-20 21:00:00,9401.794,9928.529,8622.896,44.283222,44.246223,42.192184,22.7,22.737856,23.053793,4389.48,4532.913,4123.429
2025-07-20 22:00:00,6837.6675,7830.5103,6708.6646,44.285908,44.24847,42.170994,22.7,22.738012,23.100286,4035.6401,4378.832,4006.568
2025-07-20 23:00:00,5769.282,6134.9844,5272.804,44.288593,44.254086,42.397644,22.7,22.738144,23.139141,3715.51,4150.286,3879.3184
2025-07-21 00:00:00,4239.749,5083.1035,4263.9995,44.29128,44.25737,42.452984,22.7,22.738243,23.168247,3445.53,3917.2415,3723.4563
2025-07-21 01:00:00,3468.8855,4212.8926,3575.3,44.29396,44.267727,43.02893,22.7,22.738249,23.16996,3476.57,3746.204,3631.5483
2025-07-21 02:00:00,2890.738,4125.7246,3645.8591,44.296642,44.269253,42.95482,22.7,22.738247,23.169249,3296.32,3701.5056,3542.3218
2025-07-21 03:00:00,2890.738,4263.8706,3940.668,44.299328,44.26957,42.791595,22.7,22.73829,23.182549,3273.27,3594.8901,3492.7063
2025-07-21 04:00:00,3854.3174,5139.0493,4980.836,44.302013,44.277977,43.224068,22.7,22.738201,23.1557,3242.8,3583.5903,3489.9807
2025-07-21 05:00:00,6166.9077,7551.1353,7629.9517,44.304695,44.295265,44.31053,22.7,22.737816,23.04183,3312.45,3624.2148,3572.5244
2025-07-21 06:00:00,9828.51,11435.786,11724.462,44.30738,44.323856,46.230324,22.7,22.737665,22.99736,3431.9402,3783.0996,3774.1687
2025-07-21 07:00:00,12333.815,14628.085,14691.317,44.310066,44.337814,47.07143,22.7,22.73775,23.02255,3817.09,4006.4163,4043.7231
2025-07-21 08:00:00,13297.395,15938.833,15683.151,44.31275,44.342377,47.22064,22.7,22.737717,23.013012,4212.01,4328.81,4296.3867
2025-07-21 09:00:00,10792.089,12828.394,11768.628,44.315437,44.307934,44.496838,22.7,22.737593,22.97623,4605.85,4708.747,4631.9995
2025-07-21 10:00:00,9057.646,10536.527,9610.716,44.318123,44.296295,43.452744,22.7,22.737701,23.008335,5007.7197,4959.3877,4767.8335
2025-07-21 11:00:00,8286.782,9459.517,8722.525,44.320805,44.29053,42.84149,22.7,22.737892,23.064411,4795.48,5142.786,4794.2573
2025-07-21 12:00:00,7901.351,8983.44,8330.858,44.32349,44.286533,42.360535,22.7,22.738018,23.101954,4660.1,5002.327,4712.6997
2025-07-21 13:00:00,8094.0664,8899.028,8317.612,44.326176,44.28222,41.855896,22.7,22.738022,23.102861,4494.31,4856.9014,4574.1113
2025-07-21 14:00:00,8672.215,9265.01,8709.049,44.32886,44.27798,41.357006,22.7,22.73789,23.063974,4307.78,4680.273,4406.662
2025-07-21 15:00:00,9828.51,10275.593,9779.528,44.331543,44.277573,41.139946,22.7,22.73768,23.00197,4070.43,4507.0073,4257.739
2025-07-21 16:00:00,12141.1,12730.981,12436.57,44.334225,44.288433,41.753468,22.7,22.737549,22.962904,3877.46,4311.325,4106.676
2025-07-21 17:00:00,14839.121,15462.819,15160.938,44.33691,44.308144,43.01858,22.7,22.737589,22.975126,3743.6301,4167.748,4007.9165
2025-07-21 18:00:00,15995.417,16266.929,15507.08,44.339596,44.308243,42.839394,22.7,22.737785,23.03288,3832.97,4109.179,4003.003
2025-07-21 19:00:00,13682.826,14931.429,13658.571,44.34228,44.29293,41.52467,22.7,22.737928,23.075287,4098.1997,4126.6943,3972.8188
2025-07-21 20:00:00,10792.089,11936.46,10621.466,44.344967,44.277134,40.174435,22.7,22.73807,23.116858,4047.99,4194.989,3908.4758
2025-07-21 21:00:00,8479.499,9604.784,8503.319,44.347652,44.273655,39.731316,22.7,22.738178,23.14898,3857.5398,4102.922,3797.9546
2025-07-21 22:00:00,6166.9077,7539.066,6570.649,44.350334,44.273705,39.54797,22.7,22.738342,23.197706,3622.0999,3960.2554,3698.99
2025-07-21 23:00:00,5203.3286,5977.3135,5236.9526,44.35302,44.281025,39.900776,22.7,22.738506,23.245794,3323.92,3792.9902,3590.7612
2025-07-22 00:00:00,3294.825,4912.311,4188.8745,44.355705,44.286793,40.13906,22.9,22.738674,23.295439,3186.3398,3636.3467,3539.2698
2025-07-22 01:00:00,2695.7659,3995.7546,3530.7122,44.35839,44.298676,40.827484,22.9,22.93244,23.374933,3168.5,3606.9797,3582.0398
2025-07-22 02:00:00,2246.4714,3790.3582,3421.9382,44.361076,44.30921,41.416454,22.9,22.93253,23.401522,3048.83,3591.0183,3568.7422
2025-07-22 03:00:00,2246.4714,3780.105,3511.26,44.363754,44.3204,42.053795,22.9,22.932735,23.462301,3025.96,3555.5664,3590.5825
2025-07-22 04:00:00,2995.2954,4286.3184,4112.9053,44.36644,44.330463,42.60872,22.9,22.93293,23.519543,3159.68,3574.7134,3634.9482
2025-07-22 05:00:00,4792.472,5895.709,5856.5195,44.369125,44.33621,42.844997,22.9,22.932413,23.366774,3172.66,3685.1506,3720.353
2025-07-22 06:00:00,7638.003,9024.358,9168.953,44.37181,44.35303,43.897427,22.9,22.93211,23.277424,3684.78,3844.8335,3959.6064
2025-07-22 07:00:00,9584.944,11837.781,11869.88,44.374496,44.363777,44.502262,22.9,22.931921,23.221468,4892.41,4341.245,4400.5874
2025-07-22 08:00:00,10333.77,11810.55,11397.646,44.377182,44.365612,44.450504,22.9,22.931616,23.131643,5215.27,5183.999,4932.1655
2025-07-22 09:00:00,8386.826,10433.123,9591.365,44.379864,44.366993,44.36539,22.9,22.93161,23.129667,5579.36,5543.2676,5281.9824
2025-07-22 10:00:00,7038.9434,8888.61,8195.549,44.38255,44.366795,44.164085,22.9,22.931795,23.184309,5746.37,5790.1294,5431.052
2025-07-22 11:00:00,6439.885,8041.159,7492.8594,44.385235,44.362225,43.641083,22.9,22.931953,23.231022,5549.4697,5844.462,5408.101
2025-07-22 12:00:00,6140.355,7888.772,7447.088,44.38792,44.35268,42.751186,22.9,22.932068,23.265148,5366.3804,5693.584,5300.545
2025-07-22 13:00:00,6290.12,8217.931,7905.972,44.390606,44.342594,41.82155,22.9,22.932058,23.262476,5164.94,5543.957,5186.0645
2025-07-22 14:00:00,6739.4146,8811.299,8577.367,44.39329,44.33496,41.072433,22.9,22.931925,23.222607,5000.43,5375.6035,5054.326
2025-07-22 15:00:00,7638.003,9613.666,9429.488,44.395977,44.33125,40.61221,22.9,22.93178,23.180096,4923.71,5231.449,4936.4053
2025-07-22 16:00:00,9435.18,11186.389,11095.687,44.398655,44.334934,40.696743,22.9,22.931494,23.095425,4908.08,5138.648,4841.7607
2025-07-22 17:00:00,11531.887,13506.228,13446.831,44.40134,44.3466,41.369835,22.9,22.931305,23.039816,4815.71,5058.0093,4726.7637
2025-07-22 18:00:00,12430.476,15180.416,14962.934,44.404026,44.36267,42.366688,22.9,22.931463,23.086285,4718.57,4936.5483,4597.7275
2025-07-22 19:00:00,10633.298,14252.407,13656.961,44.40671,44.364285,42.29877,22.9,22.931688,23.152847,4999.48,4848.1084,4522.95
2025-07-22 20:00:00,8386.826,11225.629,10465.604,44.409393,44.36043,41.82818,22.9,22.931917,23.220709,4806.54,4881.465,4394.3726
2025-07-22 21:00:00,6589.65,9070.945,8412.257,44.41208,44.359352,41.562187,22.9,22.93215,23.289097,4596.42,4705.565,4245.4785
2025-07-22 22:00:00,4792.472,7319.839,6737.063,44.414764,44.35904,41.35221,22.9,22.932331,23.342659,4277.41,4525.6455,4101.379
2025-07-22 23:00:00,4043.6484,5884.7773,5437.4946,44.41745,44.36331,41.480247,22.9,22.932514,23.397142,3938.1501,4295.4165,3949.1638
2025-07-23 00:00:00,5667.07,4939.374,4483.0435,44.420135,44.366844,41.55359,23.3,22.932705,23.45328,3783.5098,4086.1924,3842.5137
2025-07-23 01:00:00,4636.694,4600.075,3713.0034,44.42282,44.390408,43.102306,23.3,23.319874,23.504602,3677.39,4007.6562,3819.9983
2025-07-23 02:00:00,3863.9114,4440.2656,3755.8572,44.425507,44.394432,43.211906,23.3,23.319891,23.509638,3588.2898,3942.539,3787.1465
2025-07-23 03:00:00,3863.9114,4528.386,4035.1836,44.42819,44.395664,43.115856,23.3,23.320026,23.549728,3504.84,3889.1567,3761.5652
2025-07-23 04:00:00,5151.882,5350.3125,5012.0596,44.430874,44.396423,42.985226,23.3,23.32012,23.577084,3576.2397,3844.4795,3745.8545
2025-07-23 05:00:00,8243.012,8196.171,8103.4336,44.433556,44.409847,43.787285,23.3,23.319746,23.46671,3654.3699,3966.2788,3888.8755
2025-07-23 06:00:00,13137.299,12581.45,12617.058,44.43624,44.43025,45.10354,23.3,23.319708,23.455223,4096.91,4223.137,4236.982
2025-07-23 07:00:00,16486.021,16375.097,16020.131,44.438923,44.437653,45.462093,23.3,23.319681,23.44747,5132.48,4721.7754,4726.0737
2025-07-23 08:00:00,17773.992,17264.258,16320.348,44.44161,44.435375,45.10777,23.3,23.319412,23.368292,5522.01,5430.7207,5160.618
2025-07-23 09:00:00,14425.27,14957.26,13287.442,44.444294,44.42559,44.200058,23.3,23.31928,23.32936,5952.72,5826.628,5524.451
2025-07-23 10:00:00,12106.923,12604.293,11247.462,44.44698,44.421326,43.6991,23.3,23.319376,23.357529,6048.3696,6086.614,5651.1104
2025-07-23 11:00:00,11076.547,11330.501,10257.3125,44.449665,44.415077,43.0525,23.3,23.3195,23.393908,5894.75,6107.8516,5622.6484
2025-07-23 12:00:00,10561.358,10992.607,10088.51,44.45235,44.40934,42.442963,23.3,23.319635,23.433949,5721.5,5975.378,5515.8486
2025-07-23 13:00:00,10818.953,11209.152,10462.272,44.455036,44.405846,41.99866,23.3,23.319666,23.443056,5428.03,5821.173,5387.9546
2025-07-23 14:00:00,11591.735,11881.388,11203.041,44.457718,44.40197,41.526478,23.3,23.319546,23.407671,5176.85,5600.3135,5233.8745
2025-07-23 15:00:00,13137.299,13108.542,12486.947,44.460403,44.397507,41.01108,23.3,23.319347,23.34904,5417.04,5414.956,5107.697
2025-07-23 16:00:00,16228.428,15712.1455,15232.198,44.46309,44.39967,40.98356,23.3,23.319159,23.293095,5200.93,5456.8135,5018.4355
2025-07-23 17:00:00,19834.746,19039.035,18487.906,44.46577,44.413643,41.8262,23.3,23.319221,23.312078,5078.2603,5278.703,4880.985
2025-07-23 18:00:00,21380.31,21044.426,20056.584,44.468452,44.42603,42.552055,23.3,23.319439,23.376202,4846.67,5172.9487,4795.748
2025-07-23 19:00:00,18289.18,18694.82,16914.844,44.471138,44.409554,41.151924,23.3,23.319675,23.445711,5099.02,5041.506,4740.591
2025-07-23 20:00:00,14425.27,14874.038,13072.136,44.473824,44.400803,40.320545,23.3,23.319849,23.497389,4888.7197,5089.55,4653.115
2025-07-23 21:00:00,11334.141,11814.156,10308.368,44.47651,44.40339,40.324146,23.3,23.320114,23.575485,4664.07,4918.996,4523.653
2025-07-23 22:00:00,8243.012,9253.001,7962.753,44.479195,44.41363,40.891697,23.3,23.320358,23.647272,4380.7603,4726.749,4369.765
2025-07-23 23:00:00,6955.0405,7074.938,6072.452,44.48188,44.426933,41.68475,23.3,23.320543,23.70219,4053.01,4491.7466,4187.2363
2025-07-24 00:00:00,6106.0146,5649.4326,4669.1978,44.484566,44.440403,42.49014,22.0,23.320566,23.708832,3733.2,4243.1177,4012.1025
2025-07-24 01:00:00,4995.83,4634.6157,3654.8853,44.487247,44.479412,45.17668,22.0,22.06233,23.560802,3731.35,4123.178,4031.4026
2025-07-24 02:00:00,4163.1924,4394.573,3620.4114,44.489933,44.484962,45.398865,22.0,22.061884,23.429089,3626.6301,4092.662,3985.2751
2025-07-24 03:00:00,4163.1924,4530.8535,3970.4995,44.49262,44.48381,45.127018,22.0,22.06163,23.353905,3541.95,4019.2983,3938.7393
2025-07-24 04:00:00,5550.9224,5431.16,5040.533,44.495304,44.48073,44.713463,22.0,22.061428,23.294552,3582.0,3954.4175,3892.493
2025-07-24 05:00:00,8881.477,8379.804,8231.531,44.49799,44.486984,44.98747,22.0,22.061174,23.219711,3687.7,4003.8784,3943.4758
2025-07-24 06:00:00,14154.852,13511.207,13577.846,44.500668,44.506416,46.23203,22.0,22.061216,23.231956,4092.6,4245.1445,4249.712
2025-07-24 07:00:00,17762.951,17471.758,17093.643,44.503353,44.515907,46.74479,22.0,22.061214,23.23115,5145.9297,4743.083,4761.8765
2025-07-24 08:00:00,19150.682,18073.676,16993.861,44.50604,44.519753,46.841087,22.0,22.060963,23.156862,5424.5005,5471.284,5214.8774
2025-07-24 09:00:00,15542.583,15464.87,13579.715,44.508724,44.516388,46.40651,22.0,22.06078,23.102903,5919.6997,5854.026,5629.515
2025-07-24 10:00:00,13044.668,12989.233,11452.54,44.51141,44.517567,46.306637,22.0,22.060776,23.101746,6108.12,6148.889,5768.8604
2025-07-24 11:00:00,11934.483,11686.968,10469.118,44.514095,44.511036,45.638668,22.0,22.06084,23.120693,6053.79,6203.982,5733.3467
2025-07-24 12:00:00,11379.392,11323.137,10287.519,44.516777,44.50268,44.836628,22.0,22.06087,23.129107,5647.92,6112.6587,5626.6226
2025-07-24 13:00:00,11656.9375,11532.499,10661.761,44.519463,44.498695,44.356503,22.0,22.060818,23.114344,5372.5,5865.8467,5504.4463
2025-07-24 14:00:00,12489.576,12136.838,11317.325,44.52215,44.495716,43.95024,22.0,22.060604,23.051287,5080.84,5664.732,5369.3945
2025-07-24 15:00:00,14154.852,13249.307,12451.401,44.524834,44.491966,43.48717,22.0,22.060293,22.95939,5202.98,5468.138,5251.777
2025-07-24 16:00:00,17485.406,15642.901,14920.007,44.52752,44.49062,43.20121,22.0,22.059975,22.865088,5244.3,5462.9956,5165.41
2025-07-24 17:00:00,21371.05,19365.094,18591.445,44.530205,44.50439,44.02864,22.0,22.05992,22.848911,5015.13,5357.9707,4976.052
2025-07-24 18:00:00,23036.328,21929.05,20760.887,44.532883,44.5222,45.153893,22.0,22.060108,22.904713,4853.77,5149.396,4799.749
2025-07-24 19:00:00,19705.773,20065.477,18169.758,44.53557,44.50785,43.910618,22.0,22.060272,22.952759,5117.56,5045.368,4742.022
2025-07-24 20:00:00,15542.583,16091.456,14199.015,44.538254,44.491806,42.541893,22.0,22.060358,22.978449,4916.17,5117.1797,4684.056
2025-07-24 21:00:00,12212.029,12790.409,11216.232,44.54094,44.48882,42.134895,22.0,22.060547,23.033905,4634.65,4956.7075,4564.5054
2025-07-24 22:00:00,8881.477,9968.998,8615.392,44.54362,44.496105,42.4852,22.0,22.060812,23.1124,4261.2,4738.12,4406.2783
2025-07-24 23:00:00,7493.7456,7572.889,6520.031,44.546307,44.51235,43.49482,22.0,22.061,23.168203,3943.48,4480.1616,4246.011
2025-07-25 00:00:00,6454.524,5868.916,4808.35,44.548992,44.530853,44.671227,22.4,22.06101,23.170832,3797.4,4265.4136,4116.971
2025-07-25 01:00:00,5280.974,4793.7397,3765.2695,44.551678,44.56684,47.134953,22.4,22.44785,23.124647,3725.17,4201.9688,4112.3604
2025-07-25 02:00:00,4400.812,4488.422,3667.5303,44.554363,44.561646,46.565514,22.4,22.447742,23.093443,3596.49,4100.11,4000.7896
2025-07-25 03:00:00,4400.812,4535.92,3922.8364,44.55705,44.55262,45.713917,22.4,22.44776,23.098389,3572.4302,3996.3516,3922.5051
2025-07-25 04:00:00,5867.749,5235.283,4754.0444,44.559734,44.548172,45.199585,22.4,22.44795,23.154528,3589.89,3947.7046,3862.5217
2025-07-25 05:00:00,9388.398,7601.798,7235.2744,44.562416,44.551468,45.2556,22.4,22.447851,23.125633,3667.08,3969.5427,3885.175
2025-07-25 06:00:00,14962.76,12089.324,11773.381,44.5651,44.56665,46.187138,22.4,22.447973,23.16127,4022.9998,4148.375,4112.907
2025-07-25 07:00:00,18776.797,15699.655,14804.932,44.567783,44.56654,45.992332,22.4,22.448042,23.181843,5098.05,4605.494,4593.22
2025-07-25 08:00:00,20253.734,16534.89,14935.929,44.57047,44.56567,45.74159,22.4,22.447922,23.146143,5300.48,5377.418,5100.0713
2025-07-25 09:00:00,16429.697,15447.013,13311.54,44.57315,44.568657,45.77489,22.4,22.447828,23.118837,5539.86,5672.002,5426.891
2025-07-25 10:00:00,13789.211,13415.999,11759.335,44.575836,44.574078,45.987743,22.4,22.447838,23.12142,5873.6,5869.998,5580.239
2025-07-25 11:00:00,12615.661,12303.916,11034.16,44.57852,44.570778,45.557766,22.4,22.447863,23.128605,5800.1,5995.7007,5560.933
2025-07-25 12:00:00,12028.886,12068.534,11019.542,44.581207,44.56547,44.980137,22.4,22.447887,23.136366,5456.3003,5904.5005,5466.704
2025-07-25 13:00:00,12322.273,12377.302,11519.089,44.583893,44.56229,44.55906,22.4,22.447847,23.124294,5322.2,5682.254,5342.7773
2025-07-25 14:00:00,13202.435,13053.464,12256.436,44.58658,44.556873,43.973045,22.4,22.44763,23.05985,5171.4,5534.557,5199.8457
2025-07-25 15:00:00,14962.76,14108.151,13311.102,44.589264,44.549656,43.254562,22.4,22.447386,22.987753,4900.2,5383.712,5062.751
2025-07-25 16:00:00,18483.408,16075.706,15251.875,44.591946,44.54603,42.80091,22.4,22.447163,22.921993,4725.7,5184.53,4927.9883
2025-07-25 17:00:00,22590.834,19288.629,18275.09,44.59463,44.56524,44.029377,22.4,22.447124,22.910887,4765.0,5018.088,4781.923
2025-07-25 18:00:00,24351.158,21714.773,20230.629,44.597317,44.58488,45.289272,22.4,22.447323,22.969109,4730.7,4981.376,4699.7783
2025-07-25 19:00:00,20830.51,20384.379,18251.723,44.600002,44.576286,44.469276,22.4,22.447437,23.003101,4948.0,4929.788,4641.807
2025-07-25 20:00:00,16429.697,16737.984,14713.319,44.60268,44.562584,43.273094,22.4,22.447472,23.013157,4792.4004,4972.244,4568.1646
2025-07-25 21:00:00,12909.048,13281.943,11600.007,44.605366,44.558434,42.781143,22.4,22.447605,23.052982,4590.3003,4836.1475,4457.0186
2025-07-25 22:00:00,9388.398,10328.518,8885.212,44.60805,44.564114,43.012997,22.4,22.447857,23.127014,4232.8696,4658.633,4311.5005
2025-07-25 23:00:00,7921.4614,7997.875,6910.607,44.610737,44.580338,44.021114,22.4,22.448067,23.189222,3910.2998,4421.8574,4173.795
2025-07-26 00:00:00,3489.8818,6396.552,5338.8228,44.613422,44.597164,45.073677,23.0,22.448088,23.195078,3683.0198,4197.1187,4032.378
2025-07-26 01:00:00,2855.358,4224.6797,3758.7256,44.616108,44.63921,47.98375,23.0,23.028667,23.221272,3581.0,4107.7734,4039.7253
2025-07-26 02:00:00,2379.4648,3893.5781,3508.561,44.618793,44.63456,47.454414,23.0,23.02862,23.20682,3491.3,3986.2368,3916.765
2025-07-26 03:00:00,2379.4648,4011.349,3756.0518,44.621475,44.62983,46.919426,23.0,23.02869,23.22771,3468.34,3909.1836,3854.8674
2025-07-26 04:00:00,3172.6199,4736.8774,4618.3574,44.62416,44.63019,46.75956,23.0,23.028893,23.287827,3593.1501,3883.8115,3830.2651
2025-07-26 05:00:00,5076.192,6690.489,6761.0693,44.626846,44.635216,46.94268,23.0,23.028845,23.273443,3562.18,3983.7068,3905.0435
2025-07-26 06:00:00,8090.1807,10023.584,10292.453,44.62953,44.648968,47.76885,23.0,23.028963,23.308472,4035.2798,4100.622,4106.196
2025-07-26 07:00:00,10152.384,12536.514,12598.179,44.632217,44.658722,48.300385,23.0,23.029083,23.344162,5096.74,4558.2935,4512.155
2025-07-26 08:00:00,10945.539,12399.942,11969.951,44.634895,44.662212,48.370552,23.0,23.028875,23.282478,5365.78,5306.543,4991.0225
2025-07-26 09:00:00,8883.336,10458.008,9482.726,44.63758,44.657303,47.822838,23.0,23.028734,23.240726,5843.75,5671.6606,5384.4507
2025-07-26 10:00:00,7455.657,8968.961,8178.871,44.640266,44.655437,47.498795,23.0,23.028862,23.27845,6009.9297,5973.581,5545.796
2025-07-26 11:00:00,6821.133,8138.051,7513.8696,44.642952,44.65141,47.015263,23.0,23.02901,23.322523,5712.18,6036.8916,5537.298
2025-07-26 12:00:00,6503.871,7964.812,7451.3286,44.645638,44.646507,46.467484,23.0,23.029045,23.332607,5590.5195,5854.41,5445.469
2025-07-26 13:00:00,6662.502,8228.6,7836.524,44.648323,44.638973,45.725628,23.0,23.028917,23.29517,5344.6997,5716.7637,5310.137
2025-07-26 14:00:00,7138.3945,8724.129,8389.632,44.651005,44.63245,45.05835,23.0,23.028666,23.220434,4955.8003,5496.5283,5126.4414
2025-07-26 15:00:00,8090.1807,9491.322,9193.939,44.65369,44.628597,44.588318,23.0,23.028402,23.142656,5008.7,5193.875,4906.7915
2025-07-26 16:00:00,9993.753,11091.732,10881.025,44.656376,44.63075,44.559956,23.0,23.028196,23.082151,4991.6,5095.669,4720.573
2025-07-26 17:00:00,12214.587,13496.966,13309.626,44.65906,44.639492,45.017017,23.0,23.028286,23.108387,4882.1,5013.575,4604.2646
2025-07-26 18:00:00,13166.373,14611.935,14133.041,44.661747,44.643463,45.122475,23.0,23.028566,23.19158,4761.9,4964.9287,4599.1196
2025-07-26 19:00:00,11262.801,12651.446,11587.925,44.664433,44.628136,43.806713,23.0,23.028782,23.255186,5068.1997,4900.511,4576.3896
2025-07-26 20:00:00,8883.336,10262.016,9178.106,44.667118,44.621006,43.094852,23.0,23.028877,23.282948,4855.8,4978.911,4501.3545
2025-07-26 21:00:00,6979.7637,8401.016,7503.8555,44.669796,44.619324,42.78433,23.0,23.028984,23.314522,4583.9,4829.1323,4405.4507
2025-07-26 22:00:00,5076.192,6795.9688,6026.2944,44.67248,44.62318,42.882133,23.0,23.029036,23.330097,4297.5,4643.4043,4291.997
2025-07-26 23:00:00,4283.037,5452.0405,4859.0776,44.675167,44.63246,43.37898,23.0,23.029121,23.355099,3887.2,4433.4834,4150.3394
2025-07-27 00:00:00,6342.9814,4577.7695,3999.1843,44.677853,44.637955,43.596725,23.7,23.02917,23.369532,3692.3,4170.7446,4006.3118
2025-07-27 01:00:00,5189.712,4457.862,3391.2725,44.680534,44.64614,44.012875,23.7,23.706423,23.372717,3551.0,4047.0686,3939.6472
2025-07-27 02:00:00,4324.7603,4230.5977,3381.7195,44.68322,44.641724,43.50078,23.7,23.70644,23.37757,3413.2998,3926.1304,3842.826
2025-07-27 03:00:00,4324.7603,4238.483,3586.5083,44.685905,44.635914,42.8864,23.7,23.706547,23.409311,3433.0,3808.1345,3748.256
2025-07-27 04:00:00,5766.3467,4846.2256,4308.823,44.68859,44.632496,42.447704,23.7,23.70667,23.446121,3460.7002,3747.602,3641.7576
2025-07-27 05:00:00,9226.155,7249.5684,6839.552,44.691277,44.638874,42.730537,23.7,23.706371,23.357464,3560.0,3748.3003,3625.0618
2025-07-27 06:00:00,14704.184,11197.039,10749.536,44.693962,44.654095,43.664963,23.7,23.706392,23.363508,3558.2998,3888.0747,3778.0454
2025-07-27 07:00:00,18452.309,14849.157,13852.516,44.696648,44.658077,43.771347,23.7,23.706388,23.362303,4465.6,4082.669,4080.8494
2025-07-27 08:00:00,19893.896,16317.486,14750.849,44.69933,44.65194,43.132767,23.7,23.7062,23.306927,4834.65,4685.6333,4433.4004
2025-07-27 09:00:00,16145.7705,15367.224,13295.746,44.702015,44.6449,42.427895,23.7,23.706041,23.259804,5120.1,5035.3354,4738.738
2025-07-27 10:00:00,13550.914,13479.693,11899.185,44.704697,44.64299,42.100197,23.7,23.706028,23.256184,5118.06,5274.958,4927.0566
2025-07-27 11:00:00,12397.6455,12211.786,10978.501,44.707382,44.636024,41.40044,23.7,23.7062,23.306627,4831.97,5273.6445,4926.3306
2025-07-27 12:00:00,11821.011,11820.5205,10774.028,44.710064,44.63075,40.825127,23.7,23.706383,23.360935,4583.7803,5084.4336,4816.5835
2025-07-27 13:00:00,12109.329,12018.879,11140.06,44.71275,44.62857,40.478146,23.7,23.706446,23.379484,4405.46,4884.7393,4666.258
2025-07-27 14:00:00,12974.28,12722.561,11911.261,44.715435,44.625027,40.030197,23.7,23.70628,23.330563,4344.97,4693.439,4484.1025
2025-07-27 15:00:00,14704.184,13813.228,13012.125,44.71812,44.621624,39.59303,23.7,23.706146,23.290905,4457.75,4562.0566,4319.221
2025-07-27 16:00:00,18163.992,16004.531,15225.701,44.720806,44.62609,39.73524,23.7,23.706152,23.292791,4531.9897,4544.9907,4220.3755
2025-07-27 17:00:00,22200.434,19301.617,18362.69,44.72349,44.64422,40.883636,23.7,23.706299,23.335825,4608.71,4574.4956,4218.473
2025-07-27 18:00:00,23930.34,21678.36,20275.555,44.726173,44.65472,41.470257,23.7,23.70663,23.433908,4607.17,4650.0054,4286.3076
2025-07-27 19:00:00,20470.531,20524.836,18513.734,44.72886,44.645813,40.627686,23.7,23.706825,23.491667,4828.8,4642.8975,4276.2754
2025-07-27 20:00:00,16145.7705,16704.586,14754.953,44.731544,44.638462,39.899273,23.7,23.706924,23.520994,4842.6,4705.253,4230.7075
2025-07-27 21:00:00,12685.964,13016.044,11348.127,44.73423,44.640728,39.879673,23.7,23.707087,23.568928,4609.5,4643.78,4126.5376
2025-07-27 22:00:00,9226.155,10039.998,8592.701,44.73691,44.648613,40.27352,23.7,23.707283,23.626795,4309.4,4464.3877,3998.0056
2025-07-27 23:00:00,7784.5684,7713.9893,6609.8584,44.739594,44.662376,41.100597,23.7,23.707466,23.680563,3942.78,4233.8726,3833.21
2025-07-28 00:00:00,6088.378,6214.2466,5153.0776,44.74228,44.670696,41.52704,22.8,23.707458,23.678497,3781.0,3947.7207,3624.8452
2025-07-28 01:00:00,4981.4004,5138.702,4257.9873,44.744965,44.68066,42.0741,22.8,22.83619,23.52209,3646.0,3822.005,3533.7607
2025-07-28 02:00:00,4151.167,4969.3267,4306.7783,44.74765,44.681053,41.916157,22.8,22.835714,23.381458,3465.0,3717.1807,3457.8806
2025-07-28 03:00:00,4151.167,5187.2075,4753.307,44.750336,44.681885,41.790833,22.8,22.835402,23.289284,3477.0002,3614.9275,3415.5105
2025-07-28 04:00:00,5534.889,6191.1343,5946.495,44.75302,44.685036,41.836052,22.8,22.835186,23.225828,3474.3,3609.5027,3399.3972
2025-07-28 05:00:00,8855.823,8278.916,8115.2456,44.755703,44.695164,42.39532,22.8,22.834839,23.123064,3411.3,3643.192,3453.3645
2025-07-28 06:00:00,14113.968,11423.425,11102.269,44.75839,44.711193,43.389286,22.8,22.834654,23.068562,3482.5,3706.4111,3591.82
2025-07-28 07:00:00,17711.645,14477.549,13544.197,44.761074,44.72067,43.900486,22.8,22.834505,23.024841,3944.53,3874.476,3806.7021
2025-07-28 08:00:00,19095.37,15991.399,14530.624,44.76376,44.72743,44.21172,22.8,22.834389,22.990301,4341.91,4206.3916,4024.7847
2025-07-28 09:00:00,15497.69,15143.216,13209.919,44.766445,44.722057,43.629356,22.8,22.83421,22.937538,4878.88,4480.982,4195.481
2025-07-28 10:00:00,13006.989,13094.774,11588.119,44.76913,44.716812,43.05592,22.8,22.834133,22.914753,4937.35,4800.3896,4346.072
2025-07-28 11:00:00,11900.013,11869.41,10694.468,44.77181,44.71092,42.43511,22.8,22.834175,22.927135,4897.11,4826.5996,4349.182
2025-07-28 12:00:00,11346.523,11380.819,10363.863,44.774494,44.705452,41.84621,22.8,22.834227,22.942318,4906.79,4747.706,4252.6865
2025-07-28 13:00:00,11623.268,11418.131,10533.258,44.77718,44.70376,41.534687,22.8,22.834202,22.935127,4767.72,4669.397,4125.0576
2025-07-28 14:00:00,12453.502,12018.562,11184.358,44.779865,44.70438,41.39392,22.8,22.834091,22.902193,4584.33,4528.3184,3995.5776
2025-07-28 15:00:00,14113.968,13082.336,12261.104,44.78255,44.708797,41.53239,22.8,22.833908,22.84809,4366.0103,4386.418,3893.27
2025-07-28 16:00:00,17434.9,14920.638,14070.817,44.785233,44.713676,41.704784,22.8,22.833813,22.820148,4254.96,4259.4653,3836.5564
2025-07-28 17:00:00,21309.324,17343.52,16200.171,44.787918,44.718807,41.896305,22.8,22.833916,22.850597,4116.33,4225.135,3854.6033
2025-07-28 18:00:00,22969.791,19183.41,17511.582,44.790604,44.720184,41.810883,22.8,22.834112,22.908562,4012.7,4194.755,3896.4768
2025-07-28 19:00:00,19648.855,18515.91,16343.096,44.79329,44.71246,41.05488,22.8,22.834219,22.94002,4332.8003,4127.959,3859.4236
2025-07-28 20:00:00,15497.69,15697.669,13743.851,44.795975,44.70581,40.37859,22.8,22.834316,22.968761,4264.8,4222.8223,3801.0576
2025-07-28 21:00:00,12176.757,12630.511,11036.332,44.79866,44.70216,39.922924,22.8,22.834467,23.013386,4121.1,4144.2344,3722.8533
2025-07-28 22:00:00,8855.823,9912.596,8556.325,44.801346,44.705822,40.005657,22.8,22.834694,23.080467,3918.4001,4026.2463,3632.1465
2025-07-28 23:00:00,7472.1006,7769.897,6759.9746,44.804028,44.7164,40.59795,22.8,22.83493,23.150305,3648.8,3881.481,3537.7898
2025-07-29 00:00:00,5968.454,6133.444,5127.637,44.80671,44.724373,40.998734,24.0,22.835249,23.244133,3504.3499,3728.5637,3473.7324
2025-07-29 01:00:00,4883.281,4950.0693,4060.8875,44.809395,44.744766,42.314335,24.0,23.996775,23.403435,3554.06,3669.3525,3474.6394
2025-07-29 02:00:00,4069.4004,4684.8286,3990.8142,44.81208,44.751526,42.625534,24.0,23.996881,23.434923,3507.22,3676.6494,3454.0474
2025-07-29 03:00:00,4069.4004,4875.275,4401.042,44.814762,44.759476,43.024265,24.0,23.997164,23.518787,3388.9602,3673.5757,3479.345
2025-07-29 04:00:00,5425.867,5858.145,5569.204,44.817448,44.769695,43.590397,24.0,23.997711,23.680008,3413.03,3656.4902,3528.7573
2025-07-29 05:00:00,8681.388,8288.8,8151.6245,44.820133,44.775826,43.85526,24.0,23.997562,23.63601,3578.78,3748.434,3655.865
2025-07-29 06:00:00,13835.961,11928.23,11741.65,44.82282,44.79101,44.78692,24.0,23.997608,23.649986,4133.22,4002.3516,3943.1753
2025-07-29 07:00:00,17362.773,14259.105,13347.382,44.825504,44.793198,44.760925,24.0,23.997583,23.642393,5224.35,4556.6323,4446.7183
2025-07-29 08:00:00,18719.24,14550.737,12897.187,44.82819,44.801304,45.17137,24.0,23.997433,23.59808,5683.7305,5368.3716,5004.982
2025-07-29 09:00:00,15192.428,13627.244,11493.133,44.830875,44.81303,45.84827,24.0,23.99748,23.61186,5945.76,5811.784,5397.639
2025-07-29 10:00:00,12750.788,11908.225,10246.848,44.833557,44.818012,46.028458,24.0,23.99748,23.612162,6432.46,6044.5186,5590.31
2025-07-29 11:00:00,11665.614,10996.857,9715.303,44.836243,44.81433,45.57079,24.0,23.997446,23.601748,6176.44,6246.9287,5591.763
2025-07-29 12:00:00,11123.027,10973.813,9933.087,44.838924,44.80511,44.704784,24.0,23.99747,23.609148,6147.51,6063.4307,5471.575
2025-07-29 13:00:00,11394.321,11465.277,10639.786,44.84161,44.79504,43.776592,24.0,23.99747,23.60908,5978.0903,5949.257,5313.12
2025-07-29 14:00:00,12208.201,12464.128,11765.648,44.84429,44.785576,42.892788,24.0,23.997316,23.563396,5753.2095,5763.4644,5133.7915
2025-07-29 15:00:00,13835.961,13865.716,13247.587,44.846977,44.77597,41.99875,24.0,23.9971,23.499857,5684.49,5573.8584,4984.1465
2025-07-29 16:00:00,17091.48,15809.397,15189.937,44.849663,44.770485,41.40798,24.0,23.996998,23.46963,5677.89,5477.2666,4878.4897
2025-07-29 17:00:00,20889.588,18172.355,17262.85,44.85235,44.778004,41.77471,24.0,23.996977,23.463514,5206.9697,5446.7,4835.3335
2025-07-29 18:00:00,22517.35,19723.055,18247.79,44.855034,44.786808,42.23656,24.0,23.997122,23.506176,4992.6,5217.368,4782.01
2025-07-29 19:00:00,19261.828,18435.559,16349.817,44.85772,44.7866,42.034134,24.0,23.99723,23.538145,5285.0,5071.217,4692.9946
2025-07-29 20:00:00,15192.428,15143.579,13172.742,44.860405,44.78829,41.97196,24.0,23.997334,23.568605,5112.6997,5115.1074,4573.3745
2025-07-29 21:00:00,11936.908,11958.741,10306.888,44.863087,44.79269,42.109333,24.0,23.997492,23.615631,4761.4,4943.2764,4417.542
2025-07-29 22:00:00,8681.388,9360.492,7954.327,44.865772,44.797127,42.249634,24.0,23.997742,23.689377,4537.2,4688.2056,4247.535
2025-07-29 23:00:00,7324.921,7252.249,6184.149,44.868458,44.805435,42.674698,24.0,23.998024,23.772675,4211.9,4473.465,4058.483
2025-07-30 00:00:00,6569.5776,5846.1455,4819.429,44.871143,44.811596,42.941574,22.1,23.9983,23.854107,4139.0,4221.2627,3876.2366
2025-07-30 01:00:00,5375.109,5068.0747,4065.3286,44.87382,44.847965,45.43383,22.1,22.159376,23.647951,4072.5,4255.1543,3975.574
2025-07-30 02:00:00,4479.2573,4932.5317,4174.0967,44.876507,44.85461,45.737064,22.1,22.158747,23.462006,3828.5,4243.346,3999.9475
2025-07-30 03:00:00,4479.2573,5159.2554,4645.961,44.879192,44.855663,45.6277,22.1,22.15843,23.368788,3787.4,4136.808,3991.3694
2025-07-30 04:00:00,5972.3433,6381.715,6098.8794,44.881878,44.852623,45.216946,22.1,22.158236,23.3115,3868.3,4111.434,3978.4067
2025-07-30 05:00:00,9555.749,9193.194,9103.052,44.884563,44.860573,45.615696,22.1,22.158075,23.263727,3903.8,4200.0845,4063.9329
2025-07-30 06:00:00,15229.476,13588.678,13517.584,44.88725,44.879246,46.80431,22.1,22.158127,23.279196,4201.0,4395.9204,4344.787
2025-07-30 07:00:00,19111.498,16990.098,16278.389,44.889935,44.89471,47.75682,22.1,22.15813,23.280092,5134.5,4862.748,4877.8403
2025-07-30 08:00:00,20604.584,17418.793,15910.848,44.892616,44.89551,47.628788,22.1,22.158009,23.244501,5699.54,5581.16,5392.5737
2025-07-30 09:00:00,16722.56,15644.802,13465.09,44.8953,44.8965,47.51501,22.1,22.157959,23.229445,5983.84,6066.996,5783.192
2025-07-30 10:00:00,14035.006,13537.3125,11837.353,44.897987,44.898247,47.456905,22.1,22.157948,23.226234,6246.54,6276.2324,5925.136
2025-07-30 11:00:00,12840.538,12389.004,11079.757,44.900673,44.89509,47.037365,22.1,22.157925,23.219501,6164.7695,6369.54,5901.1987
2025-07-30 12:00:00,12243.304,12202.643,11128.127,44.90336,44.888424,46.359688,22.1,22.157925,23.219532,5953.77,6270.206,5799.666
2025-07-30 13:00:00,12541.921,12644.763,11788.527,44.906044,44.884914,45.914776,22.1,22.157816,23.187344,5635.33,6097.9893,5668.074
2025-07-30 14:00:00,13437.772,13591.16,12845.875,44.908722,44.880592,45.409428,22.1,22.157461,23.082548,5459.55,5865.739,5512.359
2025-07-30 15:00:00,15229.476,15030.726,14354.431,44.911407,44.877316,44.981888,22.1,22.157013,22.950342,5623.36,5693.5117,5358.146
2025-07-30 16:00:00,18812.88,17476.816,16856.865,44.914093,44.874626,44.59704,22.1,22.156832,22.89658,5483.52,5671.5234,5218.9155
2025-07-30 17:00:00,22993.521,20752.879,19940.943,44.91678,44.885986,45.24684,22.1,22.156866,22.906742,5154.88,5500.542,5043.566
2025-07-30 18:00:00,24785.225,22670.008,21274.967,44.919464,44.896297,45.81948,22.1,22.157068,22.966528,4801.91,5280.266,4912.9644
2025-07-30 19:00:00,21201.818,20780.516,18624.47,44.922146,44.881153,44.51734,22.1,22.157274,23.027481,5055.8003,5078.2485,4826.287
2025-07-30 20:00:00,16722.56,16803.598,14707.414,44.92483,44.86814,43.37236,22.1,22.157381,23.05916,4906.3,5122.3013,4731.6357
2025-07-30 21:00:00,13139.155,13186.749,11420.7,44.927517,44.869865,43.312485,22.1,22.157585,23.119177,4634.4,4967.2705,4587.2183
2025-07-30 22:00:00,9555.749,10156.713,8629.03,44.930202,44.87886,43.788254,22.1,22.15788,23.206306,4421.0,4749.317,4423.8
2025-07-30 23:00:00,8062.6636,7744.8647,6572.09,44.932888,44.894695,44.76788,22.1,22.1581,23.271244,4221.5,4569.018,4281.2163
2025-07-31 00:00:00,4619.026,6164.247,5030.8228,44.935574,44.91206,45.85987,22.8,22.158102,23.271763,4080.5798,4411.384,4164.8535
2025-07-31 01:00:00,3779.2031,4540.076,3878.4756,44.938255,44.960968,49.275597,22.8,22.835373,23.280954,3890.8699,4364.391,4182.439
2025-07-31 02:00:00,3149.336,4128.729,3579.32,44.940937,44.95647,48.757973,22.8,22.835299,23.259167,3708.16,4220.499,4081.0989
2025-07-31 03:00:00,3149.336,4116.255,3706.7988,44.943623,44.94932,48.044884,22.8,22.83543,23.29751,3748.72,4105.921,4020.7173
2025-07-31 04:00:00,4199.1147,4818.7954,4541.783,44.94631,44.94656,47.654476,22.8,22.835814,23.411037,3833.71,4100.3984,3986.122
2025-07-31 05:00:00,6718.5835,7150.381,7075.747,44.94899,44.94772,47.55304,22.8,22.835817,23.412249,3894.88,4180.7207,4056.1106
2025-07-31 06:00:00,10707.742,11128.319,11234.393,44.951675,44.962074,48.423763,22.8,22.835989,23.463022,4215.36,4379.3213,4324.776
2025-07-31 07:00:00,13437.165,13941.551,13676.714,44.95436,44.96355,48.345997,22.8,22.835934,23.446577,5224.37,4842.0435,4836.522
2025-07-31 08:00:00,14486.944,13989.489,13117.037,44.957047,44.96641,48.369793,22.8,22.835686,23.373201,5582.67,5590.4473,5349.292
2025-07-31 09:00:00,11757.5205,12241.837,10802.741,44.959732,44.967087,48.23285,22.8,22.835585,23.343273,5922.57,5972.6084,5711.857
2025-07-31 10:00:00,9867.919,10573.3545,9436.368,44.962418,44.970837,48.3221,22.8,22.835588,23.344576,6341.71,6211.206,5863.639
2025-07-31 11:00:00,9028.096,9658.171,8775.567,44.965103,44.969086,48.006313,22.8,22.835636,23.358356,6183.88,6381.698,5858.9673
2025-07-31 12:00:00,8608.186,9449.309,8717.069,44.967785,44.96522,47.534687,22.8,22.835634,23.358307,6116.39,6263.289,5776.676
2025-07-31 13:00:00,8818.141,9667.712,9071.516,44.97047,44.95757,46.78487,22.8,22.835562,23.336494,5924.52,6154.756,5651.715
2025-07-31 14:00:00,9448.008,10204.619,9662.206,44.973156,44.950195,46.054886,22.8,22.835373,23.280708,5673.84,5977.4854,5500.009
2025-07-31 15:00:00,10707.742,11116.053,10603.159,44.975838,44.942554,45.305134,22.8,22.835144,23.213337,5635.99,5779.629,5354.1304
2025-07-31 16:00:00,13227.21,12862.502,12394.241,44.97852,44.93874,44.83776,22.8,22.8349,23.141344,5490.87,5671.4883,5210.7544
2025-07-31 17:00:00,16166.59,15622.769,15105.658,44.981205,44.94485,45.10135,22.8,22.834822,23.118172,5270.3003,5497.6963,5034.4365
2025-07-31 18:00:00,17426.324,17328.176,16468.482,44.98389,44.95333,45.539143,22.8,22.835003,23.171526,4901.36,5319.84,4900.2417
2025-07-31 19:00:00,14906.856,15355.514,13839.323,44.986576,44.94291,44.584965,22.8,22.835136,23.210995,4829.44,5123.299,4832.307
2025-07-31 20:00:00,11757.5205,12333.462,10816.77,44.98926,44.93841,44.066704,22.8,22.835175,23.222118,4769.22,5018.0674,4715.308
2025-07-31 21:00:00,9238.052,9903.272,8639.961,44.991947,44.941093,44.077297,22.8,22.83524,23.241152,4461.82,4906.8477,4581.5156
2025-07-31 22:00:00,6718.5835,7854.621,6774.3145,44.994633,44.948326,44.423332,22.8,22.835333,23.269089,4209.06,4690.301,4443.0635
2025-07-31 23:00:00,5668.804,6135.1807,5299.942,44.997314,44.96131,45.19291,22.8,22.835457,23.30567,3819.02,4498.7046,4308.2266
2025-08-01 00:00:00,6601.441,4990.376,4176.492,45.0,44.970192,45.660484,23.109999,22.835539,23.330004,3791.5,4248.833,4171.146
2025-08-01 01:00:00,5401.179,4597.877,3499.29,45.0,44.99956,47.637054,23.109999,23.135254,23.26967,3745.4,4222.9453,4148.6704
2025-08-01 02:00:00,4500.9824,4357.8057,3485.1326,45.0,44.994064,47.23225,23.109999,23.13527,23.274364,3691.9998,4146.4404,4059.64
2025-08-01 03:00:00,4500.9824,4415.422,3756.9905,45.0,44.98591,46.631447,23.109999,23.135397,23.312086,3631.9998,4081.6167,3993.4062
2025-08-01 04:00:00,6001.31,5310.3853,4820.6733,45.0,44.97734,46.0004,23.109999,23.135576,23.36495,3621.5999,4015.2146,3928.9607
2025-08-01 05:00:00,9602.097,8086.4463,7781.1143,45.0,44.97805,46.05276,23.109999,23.135511,23.345867,3881.7998,4031.4092,3960.745
2025-08-01 06:00:00,15303.34,12874.434,12658.219,45.0,44.98948,46.894417,23.109999,23.135723,23.408234,4052.1,4303.788,4216.058
2025-08-01 07:00:00,19204.191,16955.39,16220.454,45.0,44.991806,47.065704,23.109999,23.135798,23.430202,5061.92,4676.2207,4684.202
2025-08-01 08:00:00,20704.52,18195.184,16812.66,45.0,44.986164,46.650227,23.109999,23.135607,23.373861,5413.44,5382.1406,5130.5825
2025-08-01 09:00:00,16803.668,16247.142,14158.406,45.0,44.97184,45.595306,23.109999,23.135412,23.316116,5669.82,5737.371,5455.7437
2025-08-01 10:00:00,14103.079,13853.101,12194.349,45.0,44.965378,45.119164,23.109999,23.135424,23.319517,5981.15,5936.9717,5600.6675
2025-08-01 11:00:00,12902.816,12478.424,11170.656,45.0,44.95518,44.368256,23.109999,23.135504,23.343338,5935.15,6054.7393,5583.443
2025-08-01 12:00:00,12302.686,12132.819,11031.069,45.0,44.947163,43.77763,23.109999,23.135586,23.36736,5799.16,5971.4893,5483.889
2025-08-01 13:00:00,12602.752,12405.55,11490.802,45.0,44.941956,43.394104,23.109999,23.135582,23.366482,5516.41,5836.218,5361.4365
2025-08-01 14:00:00,13502.946,13159.882,12319.549,45.0,44.934692,42.859158,23.109999,23.135393,23.310486,5369.35,5632.106,5226.443
2025-08-01 15:00:00,15303.34,14412.19,13604.564,45.0,44.926918,42.286324,23.109999,23.135166,23.243847,5423.8403,5484.7354,5092.3364
2025-08-01 16:00:00,18904.125,16961.004,16227.124,45.0,44.92489,42.137054,23.109999,23.135075,23.216557,5308.7495,5425.499,4965.518
2025-08-01 17:00:00,23105.043,20629.004,19773.102,45.0,44.94486,43.60775,23.109999,23.13523,23.262043,5051.89,5305.8286,4853.8403
2025-08-01 18:00:00,24905.436,22729.348,21320.3,45.0,44.95358,44.250313,23.109999,23.135471,23.333954,4946.5,5171.866,4810.9946
2025-08-01 19:00:00,21304.65,20759.172,18571.943,45.0,44.933372,42.761837,23.109999,23.135593,23.369932,4992.9004,5100.3833,4767.8047
2025-08-01 20:00:00,16803.668,16800.45,14680.436,45.0,44.915257,41.427525,23.109999,23.135632,23.381145,4842.4,5067.2856,4686.7065
2025-08-01 21:00:00,13202.882,13187.878,11403.718,45.0,44.912968,41.25889,23.109999,23.135714,23.405422,4628.3,4920.3774,4555.5244
2025-08-01 22:00:00,9602.097,10216.186,8685.317,45.0,44.920544,41.816814,23.109999,23.135908,23.462988,4398.5,4727.8193,4394.3833
2025-08-01 23:00:00,8101.7686,7783.14,6607.1104,45.0,44.936687,43.005966,23.109999,23.136068,23.510305,4041.3,4527.1904,4230.805
2025-08-02 00:00:00,5664.878,6056.7305,4894.2017,45.0,44.949066,43.917885,23.235,23.136024,23.497135,3769.47,4264.5737,4052.8853
2025-08-02 01:00:00,4634.9004,4665.9746,3791.8213,45.0,44.971737,45.587696,23.235,23.256691,23.416811,3743.6301,4103.93,3978.28
2025-08-02 02:00:00,3862.4172,4374.0127,3677.519,45.0,44.962547,44.9109,23.235,23.256435,23.340979,3605.83,3999.8975,3833.5645
2025-08-02 03:00:00,3862.4172,4312.423,3778.8435,45.0,44.953358,44.233753,23.235,23.256336,23.312075,3631.74,3890.38,3752.2043
2025-08-02 04:00:00,5149.8896,4927.238,4509.5645,45.0,44.947918,43.833267,23.235,23.256317,23.30634,3549.59,3874.046,3710.2485
2025-08-02 05:00:00,8239.823,6903.4277,6567.4316,45.0,44.9486,43.88346,23.235,23.256172,23.263662,3618.33,3858.9438,3739.5598
2025-08-02 06:00:00,13132.219,10603.33,10266.74,45.0,44.956226,44.44513,23.235,23.2563,23.301,4120.56,3998.1255,3911.238
2025-08-02 07:00:00,16479.645,13223.513,12275.554,45.0,44.951767,44.11672,23.235,23.256361,23.318977,5112.71,4440.6675,4275.0435
2025-08-02 08:00:00,17767.117,13879.9375,12299.451,45.0,44.949192,43.92712,23.235,23.256258,23.288486,5490.91,5158.542,4751.3
2025-08-02 09:00:00,14419.69,13077.283,11054.604,45.0,44.95028,44.007153,23.235,23.256235,23.28219,5703.1,5545.3306,5108.2666
2025-08-02 10:00:00,12102.24,11575.916,10026.475,45.0,44.948727,43.892784,23.235,23.256268,23.291636,5877.6104,5749.3906,5288.467
2025-08-02 11:00:00,11072.262,10777.155,9600.707,45.0,44.941036,43.326283,23.235,23.256271,23.292505,5862.55,5810.0156,5270.4595
2025-08-02 12:00:00,10557.273,10669.138,9705.027,45.0,44.93419,42.822052,23.235,23.256245,23.285074,5674.34,5739.801,5171.259
2025-08-02 13:00:00,10814.768,11021.946,10240.697,45.0,44.92967,42.48912,23.235,23.256184,23.266594,5552.85,5577.202,5039.952
2025-08-02 14:00:00,11587.251,11689.843,10976.331,45.0,44.925293,42.166706,23.235,23.255985,23.2084,5212.03,5424.1553,4880.6323
2025-08-02 15:00:00,13132.219,12620.964,11908.464,45.0,44.918697,41.680923,23.235,23.255816,23.158045,5222.65,5163.561,4695.3354
2025-08-02 16:00:00,16222.151,14350.313,13614.781,45.0,44.916702,41.53395,23.235,23.255695,23.122438,4989.49,5073.1113,4548.279
2025-08-02 17:00:00,19827.074,16969.703,16029.879,45.0,44.927338,42.317406,23.235,23.255724,23.13116,4858.5503,4921.8066,4463.3335
2025-08-02 18:00:00,21372.041,19026.516,17659.99,45.0,44.9364,42.984943,23.235,23.255894,23.18136,4874.6997,4848.462,4433.656
2025-08-02 19:00:00,18282.105,17691.543,15724.294,45.0,44.926296,42.24076,23.235,23.255999,23.212053,5076.1,4827.52,4390.82
2025-08-02 20:00:00,14419.69,14448.808,12568.339,45.0,44.917328,41.57995,23.235,23.256031,23.22173,4852.03,4865.2246,4320.015
2025-08-02 21:00:00,11329.757,11364.345,9775.018,45.0,44.914097,41.3422,23.235,23.256107,23.244448,4708.2,4701.7583,4210.38
2025-08-02 22:00:00,8239.823,8992.189,7653.764,45.0,44.915543,41.448605,23.235,23.25621,23.27453,4319.04,4567.392,4094.3623
2025-08-02 23:00:00,6952.3506,7030.4766,6020.3296,45.0,44.92182,41.91096,23.235,23.256416,23.335775,3910.03,4320.139,3960.7766
2025-08-03 00:00:00,6427.1455,5822.1743,4875.113,48.0,44.928516,42.40431,23.285,23.256458,23.34813,3735.65,4061.517,3822.3037
2025-08-03 01:00:00,5258.5737,4835.382,3820.948,48.0,47.75729,42.09119,23.285,23.305494,23.543922,3618.55,3877.3423,3648.6672
2025-08-03 02:00:00,4382.145,4572.905,3773.0012,48.0,47.746906,41.326485,23.285,23.305601,23.575306,3541.3,3740.8208,3512.1523
2025-08-03 03:00:00,4382.145,4730.053,4157.785,48.0,47.73737,40.623924,23.285,23.305737,23.61563,3491.46,3664.0034,3442.6296
2025-08-03 04:00:00,5842.86,5945.02,5601.799,48.0,47.73793,40.665104,23.285,23.305521,23.55203,3592.61,3635.2085,3429.9727
2025-08-03 05:00:00,9348.576,8332.34,8109.162,48.0,47.74898,41.47923,23.285,23.305279,23.480463,3556.53,3745.9756,3536.7937
2025-08-03 06:00:00,14899.292,12951.443,12807.024,48.0,47.77264,43.2218,23.285,23.305183,23.452145,3771.51,3932.898,3849.7695
2025-08-03 07:00:00,18697.15,16866.988,16206.668,48.0,47.78106,43.842052,23.285,23.305153,23.443018,4564.94,4300.8657,4282.3145
2025-08-03 08:00:00,20157.865,18587.742,17393.777,48.0,47.774326,43.346123,23.285,23.305126,23.435404,4851.32,4842.13,4612.2856
2025-08-03 09:00:00,16360.007,16379.72,14439.482,48.0,47.74264,41.012268,23.285,23.30492,23.374357,5240.71,5109.6885,4843.322
2025-08-03 10:00:00,13730.72,13921.024,12375.313,48.0,47.72886,39.99698,23.285,23.304901,23.368872,5666.84,5364.9727,4989.212
2025-08-03 11:00:00,12562.149,12421.286,11186.873,48.0,47.72055,39.385063,23.285,23.304909,23.370716,5504.25,5524.658,4963.298
2025-08-03 12:00:00,11977.863,12072.153,11035.935,48.0,47.712646,38.803036,23.285,23.304935,23.379108,5369.99,5368.675,4825.8047
2025-08-03 13:00:00,12270.006,12406.449,11565.258,48.0,47.714397,38.931896,23.285,23.304699,23.309048,5179.99,5243.201,4717.4316
2025-08-03 14:00:00,13146.435,13241.007,12491.145,48.0,47.712345,38.78068,23.285,23.304478,23.243887,4872.1,5047.884,4536.545
2025-08-03 15:00:00,14899.292,14544.743,13842.652,48.0,47.71312,38.837696,23.285,23.304413,23.224503,4969.1,4813.905,4371.3784
2025-08-03 16:00:00,18405.008,17255.664,16668.621,48.0,47.721413,39.44852,23.285,23.304459,23.23813,4871.4,4826.2427,4328.251
2025-08-03 17:00:00,22495.01,20828.883,20123.424,48.0,47.736336,40.547684,23.285,23.304758,23.326569,4618.53,4843.821,4418.212
2025-08-03 18:00:00,24247.867,22926.46,21692.395,48.0,47.737347,40.62219,23.285,23.305084,23.42301,4555.86,4792.276,4500.5923
2025-08-03 19:00:00,20742.152,21036.105,19049.648,48.0,47.718628,39.24347,23.285,23.305151,23.442404,4876.06,4745.441,4468.199
2025-08-03 20:00:00,16360.007,16744.629,14741.176,48.0,47.70678,38.370888,23.285,23.305168,23.447748,4716.42,4839.2334,4408.1084
2025-08-03 21:00:00,12854.292,13092.106,11390.127,48.0,47.706528,38.35231,23.285,23.305277,23.47949,4537.22,4702.7886,4299.0156
2025-08-03 22:00:00,9348.576,10094.879,8619.898,48.0,47.7138,38.88774,23.285,23.305439,23.52777,4166.01,4534.2173,4152.6655
2025-08-03 23:00:00,7887.861,7619.7466,6470.1904,48.0,47.728252,39.952496,23.285,23.30551,23.54854,3876.0,4261.0303,3967.3494
2025-08-04 00:00:00,5616.0884,5966.8145,4835.6626,43.0,47.73572,40.502552,24.21,23.3055,23.545403,3661.8,3966.1797,3696.327
2025-08-04 01:00:00,4594.982,4650.5713,3784.537,43.0,43.021873,41.08102,24.21,24.199625,23.308792,3657.5002,3775.0984,3537.5398
2025-08-04 02:00:00,3829.1516,4471.9795,3802.9731,43.0,43.021187,41.03047,24.21,24.199448,23.256746,3528.0,3708.0908,3436.4055
2025-08-04 03:00:00,3829.1516,4437.958,3935.5603,43.0,43.021145,41.0273,24.21,24.199518,23.27741,3386.2998,3634.042,3404.7117
2025-08-04 04:00:00,5105.535,5166.4175,4801.35,43.0,43.02223,41.107082,24.21,24.199682,23.326145,3479.4,3563.0767,3385.6294
2025-08-04 05:00:00,8168.856,7290.237,7037.183,43.0,43.021736,41.070942,24.21,24.199583,23.296524,3471.1,3629.511,3428.8794
2025-08-04 06:00:00,13019.115,11420.461,11253.951,43.0,43.031258,41.77218,24.21,24.199947,23.40447,3850.2998,3744.8643,3613.059
2025-08-04 07:00:00,16337.712,15089.042,14518.328,43.0,43.038948,42.33883,24.21,24.20026,23.496874,4028.57,4096.462,3914.8215
2025-08-04 08:00:00,17614.096,16692.965,15674.861,43.0,43.04788,42.996487,24.21,24.200504,23.568972,4440.14,4348.0493,4190.483
2025-08-04 09:00:00,14295.499,14310.112,12554.419,43.0,43.031174,41.766,24.21,24.200338,23.519636,5090.7,4595.3057,4309.6904
2025-08-04 10:00:00,11998.008,11980.79,10535.734,43.0,43.02584,41.373146,24.21,24.200197,23.477875,5300.3604,4915.2236,4388.167
2025-08-04 11:00:00,10976.9,10621.851,9439.674,43.0,43.01655,40.688904,24.21,24.200113,23.453001,5079.09,4980.267,4354.4497
2025-08-04 12:00:00,10466.348,10066.614,9010.461,43.0,43.006207,39.927017,24.21,24.200113,23.45296,5127.91,4815.714,4241.331
2025-08-04 13:00:00,10721.624,9860.3955,8880.713,43.0,43.000652,39.517914,24.21,24.199966,23.409782,4756.52,4744.548,4099.6562
2025-08-04 14:00:00,11487.454,10250.056,9286.159,43.0,42.9964,39.204777,24.21,24.199842,23.373194,4642.35,4499.176,3957.5818
2025-08-04 15:00:00,13019.115,11301.902,10363.277,43.0,42.99648,39.210575,24.21,24.199732,23.340736,4407.0,4394.6123,3868.7358
2025-08-04 16:00:00,16082.436,13620.497,12772.931,43.0,43.000732,39.524033,24.21,24.199774,23.352837,4272.58,4296.6997,3867.9788
2025-08-04 17:00:00,19656.31,17084.414,16197.781,43.0,43.009163,40.144814,24.21,24.200203,23.47944,4063.6902,4316.5674,3985.0586
2025-08-04 18:00:00,21187.97,19358.023,18092.574,43.0,43.008472,40.093975,24.21,24.200619,23.602379,3857.5398,4299.666,4092.9246
2025-08-04 19:00:00,18124.648,17807.215,15903.358,43.0,42.996517,39.213516,24.21,24.200533,23.577263,4309.0,4172.1074,4027.461
2025-08-04 20:00:00,14295.499,14084.269,12170.65,43.0,42.987617,38.558014,24.21,24.200356,23.524923,4217.7,4283.853,3910.96
2025-08-04 21:00:00,11232.178,11001.212,9371.484,43.0,42.984478,38.32661,24.21,24.200186,23.474874,4096.6,4154.6235,3769.1914
2025-08-04 22:00:00,8168.856,8583.385,7189.937,43.0,42.98582,38.425472,24.21,24.200146,23.46288,3910.0,4022.9702,3642.792
2025-08-04 23:00:00,6892.4727,6610.968,5537.768,43.0,42.99282,38.941124,24.21,24.20023,23.487373,3624.0,3881.3074,3542.9124
2025-08-05 00:00:00,4787.03,5298.24,4265.934,44.0,42.99871,39.374866,23.4,24.200455,23.554274,3480.52,3720.4702,3477.101
2025-08-05 01:00:00,3916.6606,4395.3228,3668.4763,44.0,43.944824,39.505604,23.4,23.41651,23.471245,3487.7002,3680.361,3507.0027
2025-08-05 02:00:00,3263.8838,4153.0303,3577.147,44.0,43.95247,40.068665,23.4,23.416445,23.452253,3403.82,3683.3901,3507.0906
2025-08-05 03:00:00,3263.8838,4195.286,3774.8496,44.0,43.960705,40.675438,23.4,23.416582,23.492641,3390.28,3665.3682,3532.9844
2025-08-05 04:00:00,4351.845,5102.465,4853.051,44.0,43.96746,41.17293,23.4,23.41669,23.524714,3423.35,3687.4092,3575.8489
2025-08-05 05:00:00,6962.952,7488.0703,7442.5923,44.0,43.9671,41.146206,23.4,23.416523,23.475307,3629.43,3754.6885,3658.9387
2025-08-05 06:00:00,11097.205,11839.711,12025.686,44.0,43.975826,41.78915,23.4,23.416737,23.538332,4010.22,4002.6782,3911.173
2025-08-05 07:00:00,13925.904,15084.605,14947.269,44.0,43.98332,42.34091,23.4,23.416906,23.588535,5166.56,4457.6836,4372.2456
2025-08-05 08:00:00,15013.864,15010.933,14220.624,44.0,43.98078,42.15425,23.4,23.416903,23.587166,5551.46,5287.9834,4917.4336
2025-08-05 09:00:00,12185.166,13233.432,11862.227,44.0,43.98133,42.194645,23.4,23.416883,23.581411,6074.12,5661.0273,5248.7896
2025-08-05 10:00:00,10226.836,11169.403,10048.167,44.0,43.9803,42.118824,23.4,23.416851,23.571995,6471.23,5981.9287,5410.88
2025-08-05 11:00:00,9356.467,10062.649,9175.209,44.0,43.969357,41.31258,23.4,23.416912,23.589958,6185.2397,6144.6235,5408.2583
2025-08-05 12:00:00,8921.283,9831.975,9097.6875,44.0,43.956177,40.341705,23.4,23.416952,23.60201,6137.15,5960.45,5306.2593
2025-08-05 13:00:00,9138.875,10183.036,9613.251,44.0,43.94604,39.59518,23.4,23.416939,23.598042,5911.19,5861.079,5183.052
2025-08-05 14:00:00,9791.651,10893.474,10408.461,44.0,43.94224,39.315376,23.4,23.416737,23.538073,5732.19,5684.7773,5054.728
2025-08-05 15:00:00,11097.205,12004.94,11581.982,44.0,43.9436,39.415447,23.4,23.416538,23.479557,5724.46,5555.264,4968.808
2025-08-05 16:00:00,13708.312,14156.289,13843.945,44.0,43.948162,39.7514,23.4,23.416462,23.45736,5714.9697,5525.411,4927.4834
2025-08-05 17:00:00,16754.604,17011.39,16647.371,44.0,43.954742,40.236233,23.4,23.4165,23.468645,5359.4697,5473.049,4852.387
2025-08-05 18:00:00,18060.156,18779.285,18060.309,44.0,43.958786,40.534035,23.4,23.416634,23.507689,5174.1104,5251.882,4737.644
2025-08-05 19:00:00,15449.05,16763.23,15369.225,44.0,43.955353,40.28109,23.4,23.416662,23.516329,5207.21,5101.8013,4623.9165
2025-08-05 20:00:00,12185.166,13356.289,11909.924,44.0,43.953007,40.1082,23.4,23.416607,23.499815,4971.73,5024.1353,4482.2524
2025-08-05 21:00:00,9574.06,10590.157,9359.721,44.0,43.94978,39.870766,23.4,23.416553,23.484226,4652.09,4820.79,4318.109
2025-08-05 22:00:00,6962.952,8388.745,7333.2188,44.0,43.945213,39.534355,23.4,23.416483,23.46331,4195.91,4571.829,4137.255
2025-08-05 23:00:00,5874.9907,6507.1875,5686.87,44.0,43.942917,39.365295,23.4,23.41646,23.456787,3859.4102,4257.592,3942.8264
2025-08-06 00:00:00,6630.9707,5431.809,4654.561,45.0,43.944977,39.516987,22.865,23.416468,23.458782,3711.97,4037.6167,3817.7363
2025-08-06 01:00:00,5425.34,5295.351,4321.581,45.0,44.90935,40.992638,22.865,22.898163,23.25241,3694.27,4036.9106,3911.2732
2025-08-06 02:00:00,4521.116,5063.7397,4318.692,45.0,44.919903,41.76983,22.865,22.897974,23.19612,3632.39,4047.2007,3938.5876
2025-08-06 03:00:00,4521.116,5136.1846,4609.0835,45.0,44.920017,41.778202,22.865,22.897778,23.138098,3583.6301,4014.1372,3927.0403
2025-08-06 04:00:00,6028.1553,6190.209,5861.8135,45.0,44.910305,41.06281,22.865,22.897669,23.106125,3596.55,3953.5632,3864.4167
2025-08-06 05:00:00,9645.048,9024.649,8890.123,45.0,44.912373,41.21517,22.865,22.897614,23.09002,3619.12,4004.0771,3934.445
2025-08-06 06:00:00,15371.794,13993.095,13978.068,45.0,44.92092,41.844696,22.865,22.897865,23.16415,4055.55,4192.0703,4211.438
2025-08-06 07:00:00,19290.096,17952.445,17390.006,45.0,44.927685,42.342922,22.865,22.898026,23.211334,5043.98,4668.121,4669.4297
2025-08-06 08:00:00,20797.133,18636.062,17317.246,45.0,44.9212,41.865177,22.865,22.898073,23.225689,5352.27,5401.5806,5172.2383
2025-08-06 09:00:00,16878.832,16880.066,14889.725,45.0,44.91675,41.537727,22.865,22.898138,23.244747,5858.01,5738.96,5497.4673
2025-08-06 10:00:00,14166.165,14538.063,12991.461,45.0,44.917503,41.593002,22.865,22.898096,23.232664,6121.0,6036.379,5634.0103
2025-08-06 11:00:00,12960.533,13081.982,11873.745,45.0,44.911488,41.14993,22.865,22.898159,23.251144,5973.8,6112.387,5583.0645
2025-08-06 12:00:00,12357.718,12630.216,11609.197,45.0,44.907227,40.83606,22.865,22.898228,23.271051,5819.4,5984.786,5479.699
2025-08-06 13:00:00,12659.126,12862.311,12021.239,45.0,44.90442,40.629387,22.865,22.89829,23.289898,5643.0996,5834.3545,5345.557
2025-08-06 14:00:00,13563.349,13612.2705,12844.486,45.0,44.90398,40.597027,22.865,22.898138,23.244848,5579.6997,5669.448,5203.028
2025-08-06 15:00:00,15371.794,14961.98,14244.3545,45.0,44.902573,40.493332,22.865,22.897945,23.188202,5543.5996,5570.7705,5090.723
2025-08-06 16:00:00,18988.688,17310.805,16627.402,45.0,44.900616,40.349087,22.865,22.897867,23.165012,5411.5996,5503.873,5010.17
2025-08-06 17:00:00,23208.396,20770.445,19922.102,45.0,44.909035,40.969124,22.865,22.897926,23.182032,4904.9,5362.2285,4875.2744
2025-08-06 18:00:00,25016.842,23155.305,21803.209,45.0,44.91885,41.6923,22.865,22.898066,23.223362,4832.8003,5049.5596,4715.7036
2025-08-06 19:00:00,21399.95,21369.16,19271.76,45.0,44.907436,40.851532,22.865,22.898188,23.259617,4970.8,4944.55,4599.1646
2025-08-06 20:00:00,16878.832,17448.898,15429.601,45.0,44.898792,40.214947,22.865,22.898254,23.27929,4890.8,4934.0234,4494.2715
2025-08-06 21:00:00,13261.941,13929.312,12267.946,45.0,44.89766,40.131382,22.865,22.8983,23.29241,4722.4,4823.467,4374.202
2025-08-06 22:00:00,9645.048,10894.497,9478.162,45.0,44.899998,40.30366,22.865,22.89841,23.325266,4340.4,4669.424,4243.446
2025-08-06 23:00:00,8138.0093,8362.639,7286.1533,45.0,44.907673,40.869053,22.865,22.898499,23.351187,3982.2998,4403.4263,4076.202
2025-08-07 00:00:00,4871.701,6584.583,5513.378,49.0,44.92525,42.1637,22.92,22.898357,23.309582,3845.0,4186.4365,3969.6033
2025-08-07 01:00:00,3985.9375,4772.4478,4097.568,49.0,48.734642,44.522648,22.92,22.951672,23.339914,3756.9,4096.3154,3917.996
2025-08-07 02:00:00,3321.6143,4288.4785,3722.4785,49.0,48.739056,44.8479,22.92,22.95154,23.301374,3594.3,4016.6582,3851.0344
2025-08-07 03:00:00,3321.6143,4189.958,3755.474,49.0,48.73826,44.789143,22.92,22.951508,23.29173,3587.1,3930.33,3821.5461
2025-08-07 04:00:00,4428.8193,4805.127,4486.6157,49.0,48.73211,44.336292,22.92,22.95152,23.295527,3578.9001,3905.6807,3787.9487
2025-08-07 05:00:00,7086.111,6929.8623,6761.7593,49.0,48.737648,44.744,22.92,22.951384,23.254805,3800.5,3949.9949,3861.9202
2025-08-07 06:00:00,11293.489,11046.529,11054.148,49.0,48.75197,45.799026,22.92,22.951424,23.266802,4082.7,4213.9023,4128.8726
2025-08-07 07:00:00,14172.222,13754.668,13322.264,49.0,48.74995,45.650352,22.92,22.951351,23.245522,5053.7197,4643.327,4613.5625
2025-08-07 08:00:00,15279.426,13870.545,12809.6,49.0,48.745995,45.35886,22.92,22.951218,23.205761,5381.93,5389.28,5146.915
2025-08-07 09:00:00,12400.694,12658.036,11118.358,49.0,48.747,45.433136,22.92,22.951231,23.209963,5826.86,5738.623,5477.9087
2025-08-07 10:00:00,10407.726,10923.345,9707.028,49.0,48.74738,45.46095,22.92,22.951376,23.25289,5904.0503,6003.3276,5602.758
2025-08-07 11:00:00,9521.961,10077.337,9151.797,49.0,48.74253,45.103745,22.92,22.95152,23.295498,5659.62,6024.4644,5585.987
2025-08-07 12:00:00,9079.08,9839.818,9069.62,49.0,48.739395,44.872868,22.92,22.951607,23.320766,5585.05,5874.493,5510.3423
2025-08-07 13:00:00,9300.5205,10079.833,9454.942,49.0,48.732277,44.348633,22.92,22.951643,23.331463,5455.8696,5762.9443,5385.25
2025-08-07 14:00:00,9964.844,10762.139,10215.847,49.0,48.72584,43.874603,22.92,22.951555,23.305466,5221.0103,5622.3164,5250.121
2025-08-07 15:00:00,11293.489,11750.667,11240.645,49.0,48.720303,43.466576,22.92,22.951403,23.260744,5399.23,5447.178,5129.3135
2025-08-07 16:00:00,13950.78,13602.945,13141.9375,49.0,48.715786,43.13384,22.92,22.951155,23.187124,5324.06,5463.579,5040.3564
2025-08-07 17:00:00,17050.955,16369.39,15829.559,49.0,48.720535,43.483643,22.92,22.951103,23.172033,5045.7,5345.026,4904.788
2025-08-07 18:00:00,18379.6,18468.043,17623.438,49.0,48.733253,44.420376,22.92,22.951237,23.211773,4864.5303,5121.413,4736.7407
2025-08-07 19:00:00,15722.309,16719.082,15244.582,49.0,48.72709,43.966488,22.92,22.951359,23.247385,5146.6,4971.8423,4621.115
2025-08-07 20:00:00,12400.694,13277.268,11754.269,49.0,48.719612,43.41582,22.92,22.951431,23.268827,4929.1997,5012.841,4503.6426
2025-08-07 21:00:00,9743.402,10454.534,9149.836,49.0,48.72016,43.456043,22.92,22.951517,23.294312,4661.2,4827.3716,4355.6104
2025-08-07 22:00:00,7086.111,8251.841,7132.2456,49.0,48.72199,43.590805,22.92,22.951584,23.314024,4355.3003,4622.594,4210.1177
2025-08-07 23:00:00,5978.9062,6390.9033,5520.8394,49.0,48.73031,44.20363,22.92,22.95177,23.369509,3898.7998,4415.013,4084.6038
2025-08-08 00:00:00,5747.7637,5233.3105,4395.164,44.0,48.737965,44.767437,23.525002,22.951733,23.357906,3772.6,4159.814,3981.9187
2025-08-08 01:00:00,4702.7163,4445.2715,3510.785,44.0,44.024204,45.35251,23.525002,23.537624,23.52381,3583.0002,4042.0547,3880.3345
2025-08-08 02:00:00,3918.9297,4225.392,3485.5588,44.0,44.009823,44.29316,23.525002,23.537624,23.52389,3554.4001,3884.9722,3758.4722
2025-08-08 03:00:00,3918.9297,4377.3076,3843.1929,44.0,43.99617,43.287476,23.525002,23.537733,23.555723,3578.9001,3832.79,3695.9214
2025-08-08 04:00:00,5225.2397,5281.323,4917.6343,44.0,43.98966,42.807987,23.525002,23.537764,23.564507,3646.9,3831.5679,3678.302
2025-08-08 05:00:00,8360.384,7562.787,7334.0703,44.0,43.99633,43.29943,23.525002,23.537498,23.486532,3851.7002,3935.7046,3796.1191
2025-08-08 06:00:00,13324.361,11675.641,11513.967,44.0,44.0166,44.792534,23.525002,23.537556,23.503181,4187.9,4236.2275,4130.6265
2025-08-08 07:00:00,16720.768,15243.17,14632.549,44.0,44.01906,44.973404,23.525002,23.537603,23.517212,5148.7,4711.051,4651.0454
2025-08-08 08:00:00,18027.076,16164.267,14959.947,44.0,44.013245,44.5453,23.525002,23.53743,23.466282,5540.1,5400.6113,5103.523
2025-08-08 09:00:00,14630.671,14389.531,12555.506,44.0,44.001644,43.69071,23.525002,23.537313,23.431631,5846.1997,5758.6875,5407.5005
2025-08-08 10:00:00,12279.313,12180.851,10697.786,44.0,43.994385,43.155937,23.525002,23.537369,23.448017,5855.0,5963.294,5528.274
2025-08-08 11:00:00,11234.267,11057.9375,9894.418,44.0,43.985332,42.489334,23.525002,23.537468,23.477505,5786.1,5952.6235,5506.0815
2025-08-08 12:00:00,10711.742,10861.046,9896.513,44.0,43.97717,41.888077,23.525002,23.537544,23.499931,5614.5996,5857.374,5402.6206
2025-08-08 13:00:00,10973.004,11211.923,10431.591,44.0,43.971478,41.46871,23.525002,23.537476,23.479542,5492.6,5722.7866,5304.0205
2025-08-08 14:00:00,11756.79,11970.845,11274.559,44.0,43.964985,40.990646,23.525002,23.537325,23.435354,5370.4,5594.098,5182.795
2025-08-08 15:00:00,13324.361,13119.386,12462.545,44.0,43.95904,40.552723,23.525002,23.537169,23.388826,5357.3,5473.799,5074.7056
2025-08-08 16:00:00,16459.506,15272.854,14667.828,44.0,43.957626,40.448658,23.525002,23.537035,23.349403,5206.2,5410.05,4984.272
2025-08-08 17:00:00,20117.174,18467.707,17756.662,44.0,43.967594,41.182743,23.525002,23.537094,23.366873,4916.0,5288.942,4893.477
2025-08-08 18:00:00,21684.746,20617.43,19485.283,44.0,43.978367,41.976173,23.525002,23.537292,23.425877,4888.3003,5129.3345,4832.2686
2025-08-08 19:00:00,18549.602,18596.133,16728.77,44.0,43.961967,40.768486,23.525002,23.53742,23.463423,5209.8,5076.9854,4768.8813
2025-08-08 20:00:00,14630.671,14811.385,12938.835,44.0,43.9525,40.070976,23.525002,23.537497,23.485628,5013.4,5150.2295,4676.0967
2025-08-08 21:00:00,11495.528,11826.769,10276.952,44.0,43.95225,40.05263,23.525002,23.537601,23.517004,4709.3003,4994.7285,4561.051
2025-08-08 22:00:00,8360.384,9304.928,7988.0073,44.0,43.957367,40.42951,23.525002,23.537802,23.575891,4382.1997,4777.371,4419.2236
2025-08-08 23:00:00,7054.0737,7168.24,6156.8267,44.0,43.968716,41.2654,23.525002,23.537943,23.617437,4071.0,4535.842,4254.6807
2025-08-09 00:00:00,5747.6016,5651.0444,4648.7393,57.000004,43.9732,41.595753,24.3,23.53805,23.649462,3868.9,4248.226,4008.4766
2025-08-09 01:00:00,4702.583,4318.0713,3359.641,57.000004,56.27073,43.14988,24.3,24.28821,23.755241,3703.0,3999.28,3752.2053
2025-08-09 02:00:00,3918.819,4066.1958,3296.3809,57.000004,56.2684,42.97821,24.3,24.288197,23.751356,3663.8,3816.4517,3575.2139
2025-08-09 03:00:00,3918.819,4160.917,3586.0334,57.000004,56.262566,42.548565,24.3,24.288357,23.798294,3653.3,3731.0105,3467.8987
2025-08-09 04:00:00,5225.0923,4815.67,4364.2207,57.000004,56.26435,42.68007,24.3,24.288425,23.819048,3647.81,3687.4604,3407.1147
2025-08-09 05:00:00,8360.147,6895.7324,6541.2954,57.000004,56.274662,43.439556,24.3,24.288128,23.730652,3952.3,3730.9326,3478.041
2025-08-09 06:00:00,13323.985,11231.609,10986.279,57.000004,56.303413,45.557323,24.3,24.288063,23.712013,4191.9,4059.9878,3792.8022
2025-08-09 07:00:00,16720.295,14591.76,13858.419,57.000004,56.30707,45.82661,24.3,24.288193,23.749851,5298.36,4486.367,4300.1113
2025-08-09 08:00:00,18026.568,15470.144,14135.076,57.000004,56.30167,45.42882,24.3,24.28813,23.731682,5585.6,5268.109,4802.0254
2025-08-09 09:00:00,14630.259,14066.128,12171.249,57.000004,56.29716,45.096844,24.3,24.28809,23.719631,6052.1997,5614.4834,5154.7114
2025-08-09 10:00:00,12278.968,11798.907,10243.931,57.000004,56.297485,45.120773,24.3,24.288084,23.717766,6013.4,5925.5234,5337.4946
2025-08-09 11:00:00,11233.949,10708.926,9479.6875,57.000004,56.28736,44.374935,24.3,24.288126,23.730398,5931.6,5908.063,5335.325
2025-08-09 12:00:00,10711.439,10505.7705,9474.332,57.000004,56.280777,43.890087,24.3,24.288208,23.75471,5895.8,5801.5327,5222.6543
2025-08-09 13:00:00,10972.694,10917.444,10081.665,57.000004,56.275593,43.50822,24.3,24.288124,23.729834,5587.9,5721.5527,5121.6245
2025-08-09 14:00:00,11756.458,11657.567,10902.292,57.000004,56.271656,43.21826,24.3,24.287987,23.68896,5425.2,5496.379,4970.1177
2025-08-09 15:00:00,13323.985,12738.392,12009.801,57.000004,56.26784,42.937115,24.3,24.287876,23.656694,5304.51,5326.7373,4811.5176
2025-08-09 16:00:00,16459.041,14693.064,13978.821,57.000004,56.263916,42.648056,24.3,24.287779,23.627861,5259.0,5199.371,4691.502
2025-08-09 17:00:00,20116.605,18022.117,17227.172,57.000004,56.277756,43.667458,24.3,24.287907,23.665382,5168.3,5154.0664,4650.4673
2025-08-09 18:00:00,21684.133,20577.297,19437.71,57.000004,56.29028,44.589794,24.3,24.288157,23.739548,5005.7,5130.622,4672.332
2025-08-09 19:00:00,18549.078,19028.734,17243.064,57.000004,56.278183,43.69888,24.3,24.288258,23.76908,5185.5,5024.3643,4611.943
2025-08-09 20:00:00,14630.259,15035.278,13205.056,57.000004,56.268166,42.961174,24.3,24.288326,23.78967,4999.8,5028.585,4503.086
2025-08-09 21:00:00,11495.203,11668.141,10088.512,57.000004,56.26913,43.03214,24.3,24.288416,23.816069,4808.7,4850.053,4345.4644
2025-08-09 22:00:00,8360.147,8906.167,7514.1455,57.000004,56.275272,43.484642,24.3,24.288595,23.868881,4434.9,4658.748,4171.5034
2025-08-09 23:00:00,7053.8745,6702.9395,5603.86,57.000004,56.28454,44.167156,24.3,24.28875,23.914358,4145.5,4382.7617,3983.5095
