timestamp,actual_traffic_flow,predicted_traffic_flow,residual_traffic_flow,actual_aqi,predicted_aqi,residual_aqi,actual_temperature,predicted_temperature,residual_temperature,actual_electricity_demand,predicted_electricity_demand,residual_electricity_demand
2025-07-19 23:00:00,8043.011,8073.189,-30.177999999999884,44.22416,44.175323,0.04883699999999891,21.0,21.017063,-0.017063000000000272,3753.9602,3777.1323,-23.172100000000228
2025-07-20 00:00:00,4700.897,8223.437,-3522.54,44.226845,44.177715,0.04912999999999812,22.7,21.154297,1.5457029999999996,3505.4102,3769.5103,-264.1001000000001
2025-07-20 01:00:00,3846.1882,3090.8904,755.2977999999998,44.22953,44.18501,0.04451999999999856,22.7,22.694326,0.005673999999999069,3412.6099,3600.589,-187.97910000000002
2025-07-20 02:00:00,3205.157,3859.0742,-653.9171999999999,44.232216,44.19254,0.039676000000000045,22.7,22.695213,0.004787000000000319,3224.19,3415.1692,-190.97919999999976
2025-07-20 03:00:00,3205.157,3523.8213,-318.6642999999999,44.2349,44.200073,0.03482699999999994,22.7,22.695543,0.004456999999998601,3206.8901,3331.833,-124.94290000000001
2025-07-20 04:00:00,4273.5425,4879.604,-606.0615000000007,44.237583,44.208447,0.02913600000000116,22.7,22.695309,0.004690999999997558,3294.66,3339.441,-44.78099999999995
2025-07-20 05:00:00,6837.6675,7551.9062,-714.2387000000008,44.24027,44.213768,0.02650200000000069,22.7,22.695215,0.004784999999998263,3280.0598,3601.0928,-321.0329999999999
2025-07-20 06:00:00,10897.533,11676.663,-779.130000000001,44.242954,44.212658,0.03029599999999988,22.7,22.69569,0.004310000000000258,3559.95,3664.5688,-104.61880000000019
2025-07-20 07:00:00,13675.335,14079.155,-403.8200000000015,44.245636,44.211857,0.03377899999999556,22.7,22.69596,0.0040399999999998215,4486.18,4444.991,41.189000000000306
2025-07-20 08:00:00,14743.721,14782.608,-38.887000000000626,44.24832,44.21542,0.03289999999999793,22.7,22.696285,0.0037149999999996908,4792.3203,4853.222,-60.90169999999944
2025-07-20 09:00:00,11965.919,11627.5625,338.35649999999987,44.251007,44.216335,0.03467200000000048,22.7,22.696648,0.0033519999999995775,5026.5,5111.629,-85.1289999999999
2025-07-20 10:00:00,10042.825,10092.616,-49.79099999999926,44.253693,44.214497,0.0391959999999969,22.7,22.696758,0.003242000000000189,5122.77,5100.8057,21.96430000000055
2025-07-20 11:00:00,9188.116,9301.456,-113.34000000000015,44.25638,44.212646,0.043734000000000606,22.7,22.696665,0.003334999999999866,5151.86,5085.179,66.68099999999959
2025-07-20 12:00:00,8760.763,8922.14,-161.3769999999986,44.259064,44.211628,0.0474360000000047,22.7,22.696363,0.00363699999999767,4845.91,5101.3916,-255.48160000000007
2025-07-20 13:00:00,8974.439,9220.962,-246.52299999999923,44.26174,44.216217,0.04552300000000287,22.7,22.696877,0.0031229999999986546,4778.93,4687.512,91.41800000000057
2025-07-20 14:00:00,9615.471,9884.801,-269.3299999999999,44.264427,44.22182,0.04260699999999673,22.7,22.697607,0.002392999999997869,4579.27,4704.3926,-125.1225999999997
2025-07-20 15:00:00,10897.533,11229.659,-332.1260000000002,44.267113,44.22751,0.03960299999999961,22.7,22.698029,0.0019710000000010552,4628.52,4590.2603,38.25970000000052
2025-07-20 16:00:00,13461.658,13883.612,-421.9539999999997,44.2698,44.231483,0.03831699999999927,22.7,22.697498,0.002501999999999782,4592.2603,4701.9453,-109.6850000000004
2025-07-20 17:00:00,16453.139,16752.611,-299.4720000000016,44.272484,44.23464,0.03784399999999977,22.7,22.696564,0.0034360000000006607,4576.04,4657.4507,-81.41070000000036
2025-07-20 18:00:00,17735.201,17634.693,100.50800000000163,44.275166,44.238052,0.03711399999999543,22.7,22.6957,0.004300000000000637,4517.66,4560.1006,-42.440599999999904
2025-07-20 19:00:00,15171.075,14700.675,470.40000000000146,44.27785,44.24109,0.036760000000001014,22.7,22.695183,0.004816999999999183,4766.41,4550.373,216.03700000000026
2025-07-20 20:00:00,11965.919,11718.8125,247.10649999999987,44.280537,44.2432,0.03733700000000084,22.7,22.695097,0.0049029999999987695,4579.62,4678.454,-98.83399999999983
2025-07-20 21:00:00,9401.794,9296.708,105.08599999999933,44.283222,44.242077,0.04114500000000021,22.7,22.695036,0.004963999999997526,4389.48,4390.4463,-0.9663000000000466
2025-07-20 22:00:00,6837.6675,6941.627,-103.95950000000084,44.285908,44.239323,0.04658500000000032,22.7,22.69482,0.005179999999999296,4035.6401,4199.7646,-164.12450000000035
2025-07-20 23:00:00,5769.282,6132.735,-363.4529999999995,44.288593,44.242184,0.046408999999997036,22.7,22.694513,0.005486999999998687,3715.51,3851.523,-136.01299999999992
2025-07-21 00:00:00,4239.749,4377.4907,-137.7417000000005,44.29128,44.24796,0.04332000000000136,22.7,22.393726,0.3062739999999984,3445.53,3629.3665,-183.8364999999999
2025-07-21 01:00:00,3468.8855,4536.4546,-1067.5691000000002,44.29396,44.251427,0.04253299999999882,22.7,22.697866,0.002133999999998082,3476.57,3484.017,-7.446999999999662
2025-07-21 02:00:00,2890.738,3408.7534,-518.0154000000002,44.296642,44.259773,0.03686899999999582,22.7,22.697094,0.002905999999999409,3296.32,3401.0789,-104.75889999999981
2025-07-21 03:00:00,2890.738,3369.502,-478.7640000000001,44.299328,44.268864,0.030464000000002045,22.7,22.696678,0.0033220000000007133,3273.27,3362.1694,-88.89940000000024
2025-07-21 04:00:00,3854.3174,4195.867,-341.5496000000003,44.302013,44.277973,0.024039999999999395,22.7,22.695625,0.004374999999999574,3242.8,3423.7786,-180.97859999999991
2025-07-21 05:00:00,6166.9077,6436.671,-269.7633000000005,44.304695,44.28622,0.01847500000000224,22.7,22.694378,0.005621999999998906,3312.45,3338.3972,-25.947200000000066
2025-07-21 06:00:00,9828.51,9947.521,-119.01100000000042,44.30738,44.289696,0.017684000000002698,22.7,22.69423,0.0057699999999982765,3431.9402,3637.3257,-205.38549999999987
2025-07-21 07:00:00,12333.815,12336.666,-2.8509999999987485,44.310066,44.288013,0.022052999999999656,22.7,22.696053,0.003947000000000145,3817.09,4245.5713,-428.48129999999946
2025-07-21 08:00:00,13297.395,13202.964,94.4310000000005,44.31275,44.28401,0.0287399999999991,22.7,22.697708,0.002292000000000627,4212.01,4179.19,32.82000000000062
2025-07-21 09:00:00,10792.089,11025.963,-233.8739999999998,44.315437,44.281578,0.03385899999999964,22.7,22.698805,0.001194999999999169,4605.85,4464.3525,141.4975000000004
2025-07-21 10:00:00,9057.646,9340.065,-282.41899999999987,44.318123,44.27574,0.04238300000000095,22.7,22.698902,0.0010979999999989332,5007.7197,4698.372,309.34769999999935
2025-07-21 11:00:00,8286.782,8540.682,-253.90000000000146,44.320805,44.271996,0.04880899999999855,22.7,22.698273,0.0017269999999989238,4795.48,4982.9,-187.42000000000007
2025-07-21 12:00:00,7901.351,8129.1206,-227.76960000000054,44.32349,44.27333,0.050159999999998206,22.7,22.697916,0.0020839999999999748,4660.1,4573.5864,86.51360000000022
2025-07-21 13:00:00,8094.0664,8271.728,-177.66159999999945,44.326176,44.28155,0.04462599999999384,22.7,22.697754,0.002245999999999526,4494.31,4607.908,-113.59799999999996
2025-07-21 14:00:00,8672.215,8806.082,-133.8670000000002,44.32886,44.293037,0.035823000000000604,22.7,22.697807,0.002192999999998335,4307.78,4366.651,-58.871000000000095
2025-07-21 15:00:00,9828.51,9911.317,-82.80699999999888,44.331543,44.30394,0.02760300000000626,22.7,22.697622,0.0023780000000002133,4070.43,4383.5845,-313.1545000000001
2025-07-21 16:00:00,12141.1,12117.503,23.596999999999753,44.334225,44.31012,0.024105000000005816,22.7,22.6972,0.00280000000000058,3877.46,4121.941,-244.48099999999977
2025-07-21 17:00:00,14839.121,14687.86,151.2609999999986,44.33691,44.3141,0.022809999999999775,22.7,22.697134,0.0028660000000009234,3743.6301,3960.6812,-217.05110000000013
2025-07-21 18:00:00,15995.417,15774.949,220.46799999999894,44.339596,44.314312,0.025283999999999196,22.7,22.698107,0.0018929999999990343,3832.97,3815.0146,17.955399999999827
2025-07-21 19:00:00,13682.826,13759.322,-76.496000000001,44.34228,44.31123,0.031050000000000466,22.7,22.698973,0.0010270000000005552,4098.1997,4097.444,0.755699999999706
2025-07-21 20:00:00,10792.089,11083.454,-291.3649999999998,44.344967,44.309242,0.03572499999999934,22.7,22.699831,0.00016899999999964166,4047.99,4001.5767,46.41329999999971
2025-07-21 21:00:00,8479.499,8919.117,-439.6180000000004,44.347652,44.302406,0.04524599999999879,22.7,22.700201,-0.00020100000000056184,3857.5398,3923.1328,-65.59299999999985
2025-07-21 22:00:00,6166.9077,6987.9946,-821.0869000000002,44.350334,44.290646,0.05968799999999419,22.7,22.700855,-0.0008550000000013824,3622.0999,3641.1506,-19.05069999999978
2025-07-21 23:00:00,5203.3286,6099.6567,-896.3280999999997,44.35302,44.28537,0.06765000000000043,22.7,22.701311,-0.0013110000000011723,3323.92,3432.841,-108.92099999999982
2025-07-22 00:00:00,3294.825,4554.511,-1259.6860000000006,44.355705,44.28901,0.06669500000000284,22.9,22.69732,0.2026799999999973,3186.3398,3203.752,-17.412199999999757
2025-07-22 01:00:00,2695.7659,3337.6348,-641.8688999999999,44.35839,44.307537,0.050852999999996484,22.9,22.895401,0.0045989999999989095,3168.5,3277.0269,-108.52689999999984
2025-07-22 02:00:00,2246.4714,2819.1807,-572.7093,44.361076,44.327667,0.03340899999999891,22.9,22.89724,0.0027599999999985414,3048.83,3106.677,-57.84700000000021
2025-07-22 03:00:00,2246.4714,2710.7869,-464.31550000000016,44.363754,44.341194,0.02255999999999858,22.9,22.89748,0.002519999999996969,3025.96,3118.2634,-92.30339999999978
2025-07-22 04:00:00,2995.2954,3569.4763,-574.1808999999998,44.36644,44.350807,0.015632999999994013,22.9,22.895798,0.004201999999999373,3159.68,3108.7437,50.93629999999985
2025-07-22 05:00:00,4792.472,5489.375,-696.9030000000002,44.369125,44.355885,0.013239999999996144,22.9,22.893242,0.006757999999997821,3172.66,3322.653,-149.99299999999994
2025-07-22 06:00:00,7638.003,8299.578,-661.5749999999998,44.37181,44.356525,0.015285000000005766,22.9,22.892681,0.007318999999998965,3684.78,3423.9817,260.7983000000004
2025-07-22 07:00:00,9584.944,9919.455,-334.5110000000004,44.374496,44.352314,0.022182000000000812,22.9,22.894403,0.005596999999998076,4892.41,4100.6997,791.7102999999997
2025-07-22 08:00:00,10333.77,10440.786,-107.01599999999962,44.377182,44.347088,0.03009399999999829,22.9,22.895948,0.004051999999997946,5215.27,5159.5146,55.75540000000001
2025-07-22 09:00:00,8386.826,8410.445,-23.619000000000597,44.379864,44.339962,0.039901999999997884,22.9,22.89669,0.003309999999999036,5579.36,5498.7856,80.57439999999951
2025-07-22 10:00:00,7038.9434,7277.335,-238.39159999999993,44.38255,44.333183,0.04936700000000371,22.9,22.897171,0.002828999999998416,5746.37,5843.8315,-97.46150000000034
2025-07-22 11:00:00,6439.885,6715.718,-275.83299999999963,44.385235,44.332268,0.05296700000000243,22.9,22.897264,0.0027359999999987394,5549.4697,5547.491,1.9786999999996624
2025-07-22 12:00:00,6140.355,6430.3516,-289.9966000000004,44.38792,44.33701,0.05091000000000179,22.9,22.89761,0.002389999999998338,5366.3804,5424.2695,-57.889100000000326
2025-07-22 13:00:00,6290.12,6606.291,-316.1710000000003,44.390606,44.34441,0.0461959999999948,22.9,22.897894,0.002105999999997721,5164.94,5234.4526,-69.51260000000002
2025-07-22 14:00:00,6739.4146,7057.0376,-317.6229999999996,44.39329,44.353954,0.039335999999998705,22.9,22.898169,0.00183099999999925,5000.43,5033.8394,-33.40939999999955
2025-07-22 15:00:00,7638.003,7965.7124,-327.70940000000064,44.395977,44.363647,0.032330000000001746,22.9,22.898125,0.0018749999999982947,4923.71,4839.803,83.90700000000015
2025-07-22 16:00:00,9435.18,9758.26,-323.0799999999999,44.398655,44.37025,0.028404999999999347,22.9,22.897528,0.002471999999997365,4908.08,4793.991,114.08899999999994
2025-07-22 17:00:00,11531.887,11759.259,-227.3719999999994,44.40134,44.372112,0.029227999999996257,22.9,22.896812,0.0031879999999979702,4815.71,4820.526,-4.8159999999998035
2025-07-22 18:00:00,12430.476,12494.084,-63.608000000000175,44.404026,44.37068,0.03334600000000165,22.9,22.89663,0.003370000000000317,4718.57,4902.3604,-183.79039999999986
2025-07-22 19:00:00,10633.298,10619.433,13.864999999999782,44.40671,44.367443,0.03926699999999528,22.9,22.896408,0.003591999999997597,4999.48,4949.6616,49.8183999999992
2025-07-22 20:00:00,8386.826,8546.912,-160.08600000000115,44.409393,44.36133,0.04806299999999908,22.9,22.895828,0.004171999999996956,4806.54,4927.472,-120.93199999999979
2025-07-22 21:00:00,6589.65,6881.88,-292.2300000000005,44.41208,44.35336,0.058720000000000994,22.9,22.895374,0.004625999999998243,4596.42,4635.4116,-38.99160000000029
2025-07-22 22:00:00,4792.472,5257.1904,-464.71840000000066,44.414764,44.34708,0.06768399999999986,22.9,22.895205,0.004794999999997884,4277.41,4381.115,-103.70499999999993
2025-07-22 23:00:00,4043.6484,4626.9194,-583.2709999999997,44.41745,44.347992,0.06945800000000446,22.9,22.895119,0.004880999999997471,3938.1501,4040.9768,-102.82670000000007
2025-07-23 00:00:00,5667.07,3336.1135,2330.9565,44.420135,44.35687,0.06326500000000124,23.3,22.861055,0.43894500000000036,3783.5098,3849.0486,-65.53880000000026
2025-07-23 01:00:00,4636.694,5934.3384,-1297.6443999999992,44.42282,44.37104,0.051780000000000825,23.3,23.295616,0.00438400000000172,3677.39,3797.5588,-120.16879999999992
2025-07-23 02:00:00,3863.9114,3968.8564,-104.94500000000016,44.425507,44.384525,0.040982000000006735,23.3,23.297266,0.0027340000000002362,3588.2898,3629.1853,-40.895500000000084
2025-07-23 03:00:00,3863.9114,4093.9878,-230.07639999999992,44.42819,44.396664,0.0315259999999995,23.3,23.297047,0.0029530000000015377,3504.84,3622.603,-117.76299999999992
2025-07-23 04:00:00,5151.882,4820.1987,331.6832999999997,44.430874,44.41042,0.02045400000000086,23.3,23.295135,0.00486500000000234,3576.2397,3688.4475,-112.20780000000013
2025-07-23 05:00:00,8243.012,7404.2446,838.7674000000006,44.433556,44.421234,0.012322000000004607,23.3,23.29212,0.00788000000000011,3654.3699,3691.2805,-36.910599999999704
2025-07-23 06:00:00,13137.299,11619.1045,1518.1945000000014,44.43624,44.424164,0.01207600000000042,23.3,23.29075,0.009250000000001535,4096.91,4175.754,-78.84400000000005
2025-07-23 07:00:00,16486.021,15493.874,992.1470000000008,44.438923,44.42462,0.014303000000005284,23.3,23.292536,0.007464000000002358,5132.48,5151.115,-18.63500000000022
2025-07-23 08:00:00,17773.992,16966.02,807.9719999999979,44.44161,44.4231,0.018509999999999138,23.3,23.29375,0.006250000000001421,5522.01,5440.943,81.06700000000001
2025-07-23 09:00:00,14425.27,15532.539,-1107.2690000000002,44.444294,44.42087,0.023423999999998557,23.3,23.294046,0.005953999999999127,5952.72,5841.8135,110.90650000000005
2025-07-23 10:00:00,12106.923,12319.796,-212.8729999999996,44.44698,44.419273,0.027707000000006587,23.3,23.294939,0.0050610000000013144,6048.3696,6092.7905,-44.420900000000074
2025-07-23 11:00:00,11076.547,11114.912,-38.36499999999978,44.449665,44.42164,0.028025000000006628,23.3,23.295979,0.004021000000001607,5894.75,5901.7197,-6.969699999999648
2025-07-23 12:00:00,10561.358,10552.324,9.03399999999965,44.45235,44.427906,0.024444000000002575,23.3,23.296999,0.0030010000000011416,5721.5,5759.6216,-38.1216000000004
2025-07-23 13:00:00,10818.953,10601.207,217.74599999999919,44.455036,44.435764,0.019272000000000844,23.3,23.29668,0.00332000000000221,5428.03,5583.5947,-155.5646999999999
2025-07-23 14:00:00,11591.735,11391.483,200.2520000000004,44.457718,44.44317,0.014547999999997785,23.3,23.295652,0.0043480000000002406,5176.85,5346.2715,-169.42149999999947
2025-07-23 15:00:00,13137.299,12846.603,290.69600000000173,44.460403,44.448685,0.011718000000001894,23.3,23.294645,0.005355000000001553,5417.04,5181.982,235.058
2025-07-23 16:00:00,16228.428,15379.608,848.8199999999997,44.46309,44.453896,0.009194000000000813,23.3,23.294888,0.0051120000000004495,5200.93,5417.2017,-216.27169999999933
2025-07-23 17:00:00,19834.746,18570.566,1264.1800000000003,44.46577,44.456856,0.008913999999997202,23.3,23.296658,0.003341999999999956,5078.2603,5161.049,-82.78870000000006
2025-07-23 18:00:00,21380.31,20552.662,827.648000000001,44.468452,44.447937,0.020514999999996064,23.3,23.297878,0.0021219999999999573,4846.67,5020.0894,-173.41939999999977
2025-07-23 19:00:00,18289.18,19147.38,-858.2000000000007,44.471138,44.4389,0.03223800000000665,23.3,23.297365,0.0026350000000014973,5099.02,5100.8496,-1.8295999999991182
2025-07-23 20:00:00,14425.27,15197.474,-772.2039999999997,44.473824,44.435745,0.038079000000003305,23.3,23.296637,0.003363000000000227,4888.7197,4948.023,-59.30330000000049
2025-07-23 21:00:00,11334.141,11899.244,-565.103000000001,44.47651,44.429012,0.047497999999997376,23.3,23.295902,0.004097999999999047,4664.07,4727.367,-63.29700000000048
2025-07-23 22:00:00,8243.012,9057.586,-814.5739999999987,44.479195,44.41751,0.0616849999999971,23.3,23.29504,0.0049600000000005195,4380.7603,4422.1953,-41.4350000000004
2025-07-23 23:00:00,6955.0405,7043.1465,-88.10599999999977,44.48188,44.40944,0.07244000000000028,23.3,23.294275,0.0057250000000017565,4053.01,4126.9336,-73.92360000000008
2025-07-24 00:00:00,6106.0146,7419.517,-1313.5023999999994,44.484566,44.409348,0.07521799999999956,22.0,23.225069,-1.2250690000000013,3733.2,3954.055,-220.85500000000002
2025-07-24 01:00:00,4995.83,4723.2173,272.6126999999997,44.487247,44.423,0.06424700000000172,22.0,22.00369,-0.003689999999998861,3731.35,3712.434,18.915999999999713
2025-07-24 02:00:00,4163.1924,4565.911,-402.71860000000015,44.489933,44.440025,0.04990800000000206,22.0,21.99808,0.0019199999999983675,3626.6301,3705.9897,-79.35960000000023
2025-07-24 03:00:00,4163.1924,4262.0903,-98.89789999999994,44.49262,44.453518,0.03910199999999975,22.0,21.995628,0.0043720000000000425,3541.95,3624.6953,-82.74530000000004
2025-07-24 04:00:00,5550.9224,5541.279,9.643399999999929,44.495304,44.46849,0.026813999999994564,22.0,21.99327,0.006730000000001013,3582.0,3679.3965,-97.39649999999983
2025-07-24 05:00:00,8881.477,8591.188,290.28900000000067,44.49799,44.47876,0.019230000000000302,22.0,21.991648,0.008351999999998583,3687.7,3744.4893,-56.78930000000037
2025-07-24 06:00:00,14154.852,13421.151,733.7010000000009,44.500668,44.48249,0.018177999999998917,22.0,21.99371,0.006289999999999907,4092.6,4139.231,-46.63099999999986
2025-07-24 07:00:00,17762.951,17109.275,653.6759999999995,44.503353,44.479992,0.023360999999994192,22.0,21.998278,0.0017220000000008895,5145.9297,4978.563,167.36669999999958
2025-07-24 08:00:00,19150.682,18544.96,605.7220000000016,44.50604,44.47646,0.02957999999999572,22.0,22.002472,-0.002472000000000918,5424.5005,5465.8774,-41.376900000000205
2025-07-24 09:00:00,15542.583,15926.31,-383.72699999999895,44.508724,44.474415,0.03430900000000037,22.0,22.004726,-0.004726000000001562,5919.6997,5802.4424,117.25730000000021
2025-07-24 10:00:00,13044.668,13142.312,-97.64400000000023,44.51141,44.471745,0.039664999999999395,22.0,22.004637,-0.004636999999998892,6108.12,5992.2314,115.88860000000022
2025-07-24 11:00:00,11934.483,11953.25,-18.766999999999825,44.514095,44.471024,0.04307099999999764,22.0,22.002726,-0.002725999999999118,6053.79,5971.755,82.03499999999985
2025-07-24 12:00:00,11379.392,11369.626,9.765999999999622,44.516777,44.47291,0.04386699999999877,22.0,22.000792,-0.00079200000000057,5647.92,5906.51,-258.59000000000015
2025-07-24 13:00:00,11656.9375,11524.877,132.0604999999996,44.519463,44.47913,0.04033300000000395,22.0,21.999338,0.0006619999999983861,5372.5,5458.3726,-85.8725999999997
2025-07-24 14:00:00,12489.576,12314.245,175.3309999999983,44.52215,44.48658,0.035570000000006985,22.0,21.9982,0.0017999999999993577,5080.84,5217.444,-136.60400000000027
2025-07-24 15:00:00,14154.852,13924.251,230.60100000000057,44.524834,44.494225,0.030608999999998332,22.0,21.997456,0.0025440000000003238,5202.98,5327.2383,-124.25830000000042
2025-07-24 16:00:00,17485.406,17045.08,440.3259999999973,44.52752,44.50258,0.02494000000000085,22.0,21.997307,0.0026930000000007226,5244.3,5080.831,163.46900000000005
2025-07-24 17:00:00,21371.05,20725.031,646.0190000000002,44.530205,44.51109,0.019114999999999327,22.0,21.999096,0.0009039999999984616,5015.13,5152.0713,-136.9412999999995
2025-07-24 18:00:00,23036.328,22464.83,571.4979999999996,44.532883,44.509605,0.02327799999999769,22.0,22.002733,-0.0027329999999992083,4853.77,4871.0283,-17.258299999999508
2025-07-24 19:00:00,19705.773,19885.137,-179.36399999999776,44.53557,44.50482,0.030749999999997613,22.0,22.007547,-0.00754699999999886,5117.56,5071.7075,45.852499999999964
2025-07-24 20:00:00,15542.583,15762.17,-219.58699999999953,44.538254,44.50221,0.03604400000000396,22.0,22.01157,-0.01156999999999897,4916.17,4944.4644,-28.29439999999977
2025-07-24 21:00:00,12212.029,12364.703,-152.67399999999907,44.54094,44.497765,0.043174999999997965,22.0,22.011349,-0.011348999999999165,4634.65,4737.552,-102.90200000000004
2025-07-24 22:00:00,8881.477,9240.806,-359.3289999999997,44.54362,44.490326,0.05329399999999396,22.0,22.010584,-0.010584000000001481,4261.2,4426.53,-165.32999999999993
2025-07-24 23:00:00,7493.7456,7514.9395,-21.193900000000212,44.546307,44.4842,0.06210699999999747,22.0,22.011112,-0.011112000000000677,3943.48,4053.8904,-110.41040000000021
2025-07-25 00:00:00,6454.524,6502.7734,-48.249399999999696,44.548992,44.483837,0.06515499999999719,22.4,22.238613,0.16138699999999773,3797.4,3761.381,36.01900000000023
2025-07-25 01:00:00,5280.974,5403.167,-122.19300000000021,44.551678,44.49353,0.05814800000000275,22.4,22.39623,0.003769999999999385,3725.17,3843.4219,-118.25189999999975
2025-07-25 02:00:00,4400.812,4630.0645,-229.2525000000005,44.554363,44.506172,0.04819100000000276,22.4,22.3955,0.0045000000000001705,3596.49,3708.8992,-112.40920000000006
2025-07-25 03:00:00,4400.812,4523.8516,-123.03960000000006,44.55705,44.516624,0.04042599999999652,22.4,22.394823,0.005176999999999765,3572.4302,3606.223,-33.79280000000017
2025-07-25 04:00:00,5867.749,5779.4824,88.26659999999993,44.559734,44.530697,0.029036999999995317,22.4,22.393461,0.0065390000000000725,3589.89,3683.0645,-93.17450000000008
2025-07-25 05:00:00,9388.398,8959.88,428.51800000000003,44.562416,44.54248,0.019936000000001286,22.4,22.392433,0.007566999999998103,3667.08,3772.4482,-105.36819999999989
2025-07-25 06:00:00,14962.76,14058.156,904.6039999999994,44.5651,44.547928,0.017172000000002186,22.4,22.393888,0.006111999999998119,4022.9998,4099.3223,-76.32249999999976
2025-07-25 07:00:00,18776.797,18001.107,775.6899999999987,44.567783,44.544743,0.023040000000001726,22.4,22.39678,0.0032199999999988904,5098.05,4953.4536,144.59640000000036
2025-07-25 08:00:00,20253.734,19519.47,724.2639999999992,44.57047,44.540684,0.029786000000001422,22.4,22.398808,0.0011919999999996378,5300.48,5353.716,-53.236000000000786
2025-07-25 09:00:00,16429.697,16719.682,-289.9850000000006,44.57315,44.537647,0.03550299999999851,22.4,22.39945,0.0005499999999969418,5539.86,5729.689,-189.82900000000063
2025-07-25 10:00:00,13789.211,13837.304,-48.09300000000076,44.575836,44.53544,0.04039600000000121,22.4,22.399445,0.0005549999999985289,5873.6,5741.3545,132.2455
2025-07-25 11:00:00,12615.661,12606.334,9.326999999999316,44.57852,44.534748,0.043771999999997036,22.4,22.399004,0.0009959999999971103,5800.1,5832.993,-32.89300000000003
2025-07-25 12:00:00,12028.886,12002.555,26.33100000000013,44.581207,44.536358,0.04484899999999925,22.4,22.39863,0.001369999999997873,5456.3003,5505.644,-49.343700000000354
2025-07-25 13:00:00,12322.273,12180.184,142.08899999999994,44.583893,44.54155,0.04234300000000246,22.4,22.398098,0.0019019999999976278,5322.2,5283.767,38.43299999999999
2025-07-25 14:00:00,13202.435,13002.234,200.2009999999991,44.58658,44.548813,0.03776699999999522,22.4,22.397694,0.0023059999999972547,5171.4,5134.2266,37.173399999999674
2025-07-25 15:00:00,14962.76,14651.364,311.39600000000064,44.589264,44.557354,0.031910000000003436,22.4,22.397478,0.002521999999999025,4900.2,5305.1333,-404.9333000000006
2025-07-25 16:00:00,18483.408,17896.154,587.2540000000008,44.591946,44.568493,0.0234530000000035,22.4,22.397528,0.002471999999997365,4725.7,5016.659,-290.95899999999983
2025-07-25 17:00:00,22590.834,21803.57,787.2639999999992,44.59463,44.576828,0.017802000000003204,22.4,22.398315,0.0016849999999983822,4765.0,4648.5195,116.48049999999967
2025-07-25 18:00:00,24351.158,23643.678,707.4799999999996,44.597317,44.57666,0.020656999999999925,22.4,22.399767,0.0002329999999979293,4730.7,4692.09,38.60999999999967
2025-07-25 19:00:00,20830.51,20883.7,-53.19000000000233,44.600002,44.573082,0.026920000000004052,22.4,22.4013,-0.001300000000000523,4948.0,4960.163,-12.162999999999556
2025-07-25 20:00:00,16429.697,16578.67,-148.97299999999814,44.60268,44.570614,0.03206600000000037,22.4,22.402079,-0.0020790000000019404,4792.4004,4817.054,-24.653599999999642
2025-07-25 21:00:00,12909.048,13018.263,-109.21500000000015,44.605366,44.56676,0.03860599999999437,22.4,22.401148,-0.001148000000000593,4590.3003,4595.522,-5.221700000000055
2025-07-25 22:00:00,9388.398,9713.188,-324.7900000000009,44.60805,44.561314,0.04673599999999567,22.4,22.40013,-0.00013000000000218392,4232.8696,4323.758,-90.88839999999982
2025-07-25 23:00:00,7921.4614,7895.196,26.265400000000227,44.610737,44.556324,0.05441300000000382,22.4,22.39972,0.000280000000000058,3910.2998,4023.9324,-113.63260000000037
2025-07-26 00:00:00,3489.8818,6835.185,-3345.3032000000003,44.613422,44.557777,0.05564499999999839,23.0,22.325914,0.6740859999999991,3683.0198,3863.162,-180.14219999999978
2025-07-26 01:00:00,2855.358,2367.375,487.9830000000002,44.616108,44.563126,0.052982000000000085,23.0,22.99248,0.007519999999999527,3581.0,3717.833,-136.83300000000008
2025-07-26 02:00:00,2379.4648,3032.1282,-652.6633999999999,44.618793,44.569363,0.04942999999999387,23.0,22.994076,0.005924000000000262,3491.3,3570.4126,-79.11259999999993
2025-07-26 03:00:00,2379.4648,2793.4487,-413.9838999999997,44.621475,44.57615,0.04532499999999828,23.0,22.994675,0.005324999999999136,3468.34,3559.8533,-91.51330000000007
2025-07-26 04:00:00,3172.6199,4027.5195,-854.8995999999997,44.62416,44.58467,0.03949000000000069,23.0,22.994345,0.005655000000000854,3593.1501,3575.9175,17.23259999999982
2025-07-26 05:00:00,5076.192,6333.788,-1257.5959999999995,44.626846,44.593636,0.03321000000000396,23.0,22.994062,0.005938000000000443,3562.18,3743.0305,-180.8505
2025-07-26 06:00:00,8090.1807,9743.379,-1653.198300000001,44.62953,44.596203,0.033326999999999884,23.0,22.994936,0.005064000000000846,4035.2798,3964.4233,70.85649999999987
2025-07-26 07:00:00,10152.384,11208.595,-1056.2109999999993,44.632217,44.59627,0.03594700000000017,23.0,22.99623,0.003769999999999385,5096.74,4954.343,142.39699999999993
2025-07-26 08:00:00,10945.539,11516.69,-571.1509999999998,44.634895,44.597942,0.036952999999996905,23.0,22.997261,0.0027389999999982706,5365.78,5273.102,92.67799999999988
2025-07-26 09:00:00,8883.336,8335.779,547.5569999999989,44.63758,44.596016,0.041564000000001045,23.0,22.997707,0.002293000000001655,5843.75,5557.8086,285.9413999999997
2025-07-26 10:00:00,7455.657,7636.5854,-180.92839999999978,44.640266,44.592445,0.047820999999999,23.0,22.997776,0.0022239999999982274,6009.9297,6027.151,-17.221300000000156
2025-07-26 11:00:00,6821.133,7146.7886,-325.65560000000005,44.642952,44.590847,0.05210500000000451,23.0,22.997845,0.0021549999999983527,5712.18,5896.9663,-184.78629999999976
2025-07-26 12:00:00,6503.871,6908.9,-405.02899999999954,44.645638,44.59066,0.05497799999999842,23.0,22.998087,0.0019129999999982772,5590.5195,5448.056,142.46350000000075
2025-07-26 13:00:00,6662.502,7252.1714,-589.6693999999998,44.648323,44.594074,0.05424899999999866,23.0,22.998413,0.0015870000000006712,5344.6997,5460.9956,-116.29590000000007
2025-07-26 14:00:00,7138.3945,7801.6143,-663.2197999999999,44.651005,44.59898,0.05202500000000043,23.0,22.998857,0.001142999999999006,4955.8003,5243.8027,-288.0024000000003
2025-07-26 15:00:00,8090.1807,8935.304,-845.1233000000002,44.65369,44.605038,0.04865199999999703,23.0,22.99902,0.0009799999999984266,5008.7,4813.0474,195.65259999999944
2025-07-26 16:00:00,9993.753,11182.142,-1188.3889999999992,44.656376,44.61047,0.04590600000000222,23.0,22.998644,0.001356000000001245,4991.6,4898.173,93.42700000000059
2025-07-26 17:00:00,12214.587,13336.183,-1121.5960000000014,44.65906,44.614162,0.04489799999999633,23.0,22.997654,0.002345999999999293,4882.1,5042.091,-159.99099999999999
2025-07-26 18:00:00,13166.373,13578.426,-412.0529999999999,44.661747,44.616478,0.04526899999999756,23.0,22.996794,0.00320599999999871,4761.9,4894.552,-132.65200000000004
2025-07-26 19:00:00,11262.801,10570.6875,692.1134999999995,44.664433,44.616573,0.047860000000000014,23.0,22.996029,0.003970999999999947,5068.1997,4957.5293,110.67039999999997
2025-07-26 20:00:00,8883.336,8435.6455,447.6904999999988,44.667118,44.613735,0.05338300000000373,23.0,22.995232,0.004767999999998551,4855.8,4916.889,-61.08899999999994
2025-07-26 21:00:00,6979.7637,6796.475,183.28870000000006,44.669796,44.60728,0.06251599999999513,23.0,22.99414,0.005859999999998422,4583.9,4680.4443,-96.54430000000048
2025-07-26 22:00:00,5076.192,5036.3696,39.822400000000016,44.67248,44.602547,0.06993299999999891,23.0,22.992653,0.007346999999999326,4297.5,4314.4595,-16.959499999999935
2025-07-26 23:00:00,4283.037,4829.3647,-546.3276999999998,44.675167,44.603634,0.07153300000000229,23.0,22.991346,0.00865399999999994,3887.2,4063.9456,-176.7456000000002
2025-07-27 00:00:00,6342.9814,2042.5923,4300.389099999999,44.677853,44.608936,0.068916999999999,23.7,22.889044,0.8109560000000009,3692.3,3779.276,-86.97599999999966
2025-07-27 01:00:00,5189.712,6892.032,-1702.3199999999997,44.680534,44.618267,0.06226699999999852,23.7,23.69071,0.00929000000000002,3551.0,3678.2485,-127.24850000000015
2025-07-27 02:00:00,4324.7603,4194.4688,130.29150000000027,44.68322,44.63258,0.05064000000000135,23.7,23.693611,0.006388999999998646,3413.2998,3553.6675,-140.36770000000024
2025-07-27 03:00:00,4324.7603,4541.188,-216.4277000000002,44.685905,44.644184,0.041720999999995456,23.7,23.695051,0.00494899999999987,3433.0,3479.7502,-46.75019999999995
2025-07-27 04:00:00,5766.3467,5183.223,583.1237000000001,44.68859,44.65786,0.03072999999999837,23.7,23.695284,0.004715999999998388,3460.7002,3613.5508,-152.85059999999976
2025-07-27 05:00:00,9226.155,7954.462,1271.6930000000002,44.691277,44.674236,0.017040999999998974,23.7,23.693903,0.006097000000000463,3560.0,3540.1987,19.801300000000083
2025-07-27 06:00:00,14704.184,12675.166,2029.018,44.693962,44.682674,0.011288000000000409,23.7,23.693417,0.006582999999999117,3558.2998,4029.4668,-471.16700000000037
2025-07-27 07:00:00,18452.309,17195.61,1256.6990000000005,44.696648,44.68777,0.008878000000002828,23.7,23.695192,0.00480800000000059,4465.6,4544.9736,-79.3735999999999
2025-07-27 08:00:00,19893.896,18958.621,935.2750000000015,44.69933,44.68168,0.017650000000003274,23.7,23.696527,0.0034729999999996153,4834.65,4764.623,70.02700000000004
2025-07-27 09:00:00,16145.7705,17471.775,-1326.004500000001,44.702015,44.67447,0.027545000000003483,23.7,23.696663,0.003336999999998369,5120.1,5264.336,-144.23599999999988
2025-07-27 10:00:00,13550.914,13809.135,-258.22099999999955,44.704697,44.67206,0.03263700000000114,23.7,23.696918,0.003081999999999141,5118.06,5306.079,-188.01899999999932
2025-07-27 11:00:00,12397.6455,12427.43,-29.784499999999753,44.707382,44.674408,0.032974000000002945,23.7,23.697517,0.0024829999999980146,4831.97,4944.2256,-112.2555999999995
2025-07-27 12:00:00,11821.011,11765.934,55.077000000001135,44.710064,44.68112,0.028944000000002745,23.7,23.698856,0.0011440000000000339,4583.7803,4797.325,-213.54469999999947
2025-07-27 13:00:00,12109.329,11788.178,321.15099999999984,44.71275,44.69075,0.021999999999998465,23.7,23.698982,0.001017999999998409,4405.46,4474.1685,-68.70849999999973
2025-07-27 14:00:00,12974.28,12660.272,314.0079999999998,44.715435,44.701115,0.01431999999999789,23.7,23.698406,0.0015940000000007615,4344.97,4184.6685,160.3015000000005
2025-07-27 15:00:00,14704.184,14283.366,420.8179999999993,44.71812,44.71115,0.00696999999999548,23.7,23.697674,0.0023260000000000502,4457.75,4458.4233,-0.6733000000003813
2025-07-27 16:00:00,18163.992,17072.184,1091.8079999999973,44.720806,44.722054,-0.0012479999999968072,23.7,23.697582,0.002417999999998699,4531.9897,4514.9995,16.990200000000186
2025-07-27 17:00:00,22200.434,20652.283,1548.1510000000017,44.72349,44.724136,-0.0006460000000032551,23.7,23.698475,0.0015250000000008868,4608.71,4504.5273,104.1827000000003
2025-07-27 18:00:00,23930.34,22893.346,1036.9939999999988,44.726173,44.71354,0.012633000000001005,23.7,23.697924,0.0020759999999988565,4607.17,4543.6904,63.479599999999664
2025-07-27 19:00:00,20470.531,21286.764,-816.2330000000002,44.72886,44.70066,0.028199999999998226,23.7,23.694225,0.005774999999999864,4828.8,4842.053,-13.252999999999702
2025-07-27 20:00:00,16145.7705,16828.957,-683.186499999998,44.731544,44.695908,0.03563599999999667,23.7,23.690407,0.009592999999998852,4842.6,4658.5264,184.07360000000062
2025-07-27 21:00:00,12685.964,13141.918,-455.9539999999997,44.73423,44.69529,0.038939999999996644,23.7,23.688604,0.011395999999997741,4609.5,4580.7563,28.74369999999999
2025-07-27 22:00:00,9226.155,9954.072,-727.9169999999995,44.73691,44.69141,0.04550000000000409,23.7,23.687025,0.012975000000000847,4309.4,4341.7246,-32.32459999999992
2025-07-27 23:00:00,7784.5684,7597.457,187.11139999999978,44.739594,44.689632,0.04996199999999362,23.7,23.68572,0.014279999999999404,3942.78,3981.8352,-39.055199999999786
2025-07-28 00:00:00,6088.378,7800.316,-1711.938,44.74228,44.69313,0.04915000000000447,22.8,23.56283,-0.762830000000001,3781.0,3799.8218,-18.821800000000167
2025-07-28 01:00:00,4981.4004,4392.9385,588.4619000000002,44.744965,44.700684,0.044280999999998016,22.8,22.802841,-0.0028410000000000935,3646.0,3694.4124,-48.41240000000016
2025-07-28 02:00:00,4151.167,4549.5615,-398.3944999999994,44.74765,44.711197,0.03645300000000162,22.8,22.80065,-0.0006500000000002615,3465.0,3575.3252,-110.32520000000022
2025-07-28 03:00:00,4151.167,4201.426,-50.259000000000015,44.750336,44.721344,0.028991999999995244,22.8,22.798855,0.0011450000000010618,3477.0002,3535.7085,-58.708300000000236
2025-07-28 04:00:00,5534.889,5517.039,17.850000000000364,44.75302,44.73047,0.022550000000002512,22.8,22.797329,0.002670999999999424,3474.3,3552.113,-77.81299999999965
2025-07-28 05:00:00,8855.823,8545.039,310.78399999999965,44.755703,44.73993,0.015772999999995818,22.8,22.796751,0.0032490000000002794,3411.3,3613.7092,-202.4091999999996
2025-07-28 06:00:00,14113.968,13464.138,649.8299999999999,44.75839,44.74517,0.013219999999996901,22.8,22.798382,0.0016180000000005634,3482.5,3514.7412,-32.241199999999935
2025-07-28 07:00:00,17711.645,17069.146,642.4989999999998,44.761074,44.73887,0.02220400000000211,22.8,22.80192,-0.0019199999999983675,3944.53,4228.7104,-284.18039999999974
2025-07-28 08:00:00,19095.37,18388.266,707.1039999999994,44.76376,44.73382,0.029939999999996303,22.8,22.805544,-0.0055440000000004375,4341.91,4327.5825,14.327499999999418
2025-07-28 09:00:00,15497.69,15533.578,-35.88799999999901,44.766445,44.73235,0.03409500000000065,22.8,22.806746,-0.006745999999999697,4878.88,4619.9272,258.9528
2025-07-28 10:00:00,13006.989,12998.328,8.661000000000058,44.76913,44.73049,0.03863999999999379,22.8,22.805975,-0.0059749999999993975,4937.35,4869.321,68.02900000000045
2025-07-28 11:00:00,11900.013,11843.347,56.66600000000108,44.77181,44.729298,0.042512000000002104,22.8,22.803904,-0.0039039999999985753,4897.11,4712.262,184.84799999999996
2025-07-28 12:00:00,11346.523,11293.964,52.55899999999929,44.774494,44.731358,0.043135999999996955,22.8,22.801968,-0.0019679999999979714,4906.79,4685.2305,221.5595000000003
2025-07-28 13:00:00,11623.268,11522.144,101.1239999999998,44.77718,44.738068,0.03911200000000292,22.8,22.801113,-0.0011130000000001417,4767.72,4737.2485,30.47150000000056
2025-07-28 14:00:00,12453.502,12337.261,116.24099999999999,44.779865,44.74718,0.03268500000000074,22.8,22.800962,-0.0009619999999976869,4584.33,4710.4497,-126.1197000000002
2025-07-28 15:00:00,14113.968,14022.639,91.32900000000154,44.78255,44.75685,0.0257000000000005,22.8,22.800398,-0.00039800000000056457,4366.0103,4679.2676,-313.2573000000002
2025-07-28 16:00:00,17434.9,17342.434,92.46600000000035,44.785233,44.769005,0.016227999999998133,22.8,22.799437,0.0005629999999996471,4254.96,4452.8184,-197.85840000000007
2025-07-28 17:00:00,21309.324,21059.725,249.59900000000198,44.787918,44.78033,0.007587999999998374,22.8,22.80019,-0.00018999999999991246,4116.33,4324.9624,-208.63240000000042
2025-07-28 18:00:00,22969.791,22461.271,508.52000000000044,44.790604,44.78068,0.009924000000005151,22.8,22.802483,-0.0024829999999980146,4012.7,4154.6143,-141.91430000000037
2025-07-28 19:00:00,19648.855,19397.184,251.67099999999846,44.79329,44.771835,0.021454999999996005,22.8,22.804272,-0.004272000000000276,4332.8003,4240.6606,92.13969999999972
2025-07-28 20:00:00,15497.69,15320.689,177.0010000000002,44.795975,44.764996,0.030979000000002088,22.8,22.804869,-0.004868999999999346,4264.8,4323.8022,-59.0021999999999
2025-07-28 21:00:00,12176.757,11984.693,192.0640000000003,44.79866,44.76474,0.03391999999999484,22.8,22.804213,-0.004213000000000022,4121.1,4091.974,29.126000000000204
2025-07-28 22:00:00,8855.823,8881.334,-25.511000000000422,44.801346,44.763214,0.038132000000004496,22.8,22.803795,-0.003795000000000215,3918.4001,3889.2637,29.136399999999867
2025-07-28 23:00:00,7472.1006,7185.011,287.08959999999934,44.804028,44.76059,0.043438000000001864,22.8,22.806013,-0.00601299999999938,3648.8,3649.464,-0.6639999999997599
2025-07-29 00:00:00,5968.454,5614.226,354.22800000000007,44.80671,44.757538,0.04917200000000577,24.0,22.964273,1.0357270000000014,3504.3499,3552.2454,-47.89549999999963
2025-07-29 01:00:00,4883.281,4812.999,70.28200000000015,44.809395,44.76461,0.044785000000004516,24.0,23.983376,0.016624000000000194,3554.06,3452.087,101.97299999999996
2025-07-29 02:00:00,4069.4004,4218.191,-148.7905999999998,44.81208,44.775352,0.03672800000000365,24.0,23.992441,0.0075590000000005375,3507.22,3446.8025,60.41750000000002
2025-07-29 03:00:00,4069.4004,4233.8125,-164.4121,44.814762,44.782776,0.0319860000000034,24.0,23.9963,0.0036999999999984823,3388.9602,3557.9163,-168.95609999999988
2025-07-29 04:00:00,5425.867,5495.815,-69.94799999999941,44.817448,44.793564,0.023883999999995353,24.0,23.995852,0.004148000000000707,3413.03,3467.5012,-54.47119999999995
2025-07-29 05:00:00,8681.388,8632.534,48.85400000000118,44.820133,44.80298,0.017153000000000418,24.0,23.993748,0.006251999999999924,3578.78,3458.2085,120.57150000000001
2025-07-29 06:00:00,13835.961,13493.856,342.10499999999956,44.82282,44.806084,0.01673600000000164,24.0,23.993378,0.006622000000000128,4133.22,3737.155,396.06500000000005
2025-07-29 07:00:00,17362.773,16914.914,447.8590000000004,44.825504,44.80199,0.023513999999998703,24.0,23.992971,0.007028999999999286,5224.35,4564.1094,660.2406000000001
2025-07-29 08:00:00,18719.24,18021.72,697.5200000000004,44.82819,44.799557,0.028632999999999242,24.0,23.99048,0.009519999999998419,5683.7305,5441.025,242.70550000000003
2025-07-29 09:00:00,15192.428,15146.181,46.24699999999939,44.830875,44.796207,0.03466799999999637,24.0,23.990011,0.009989000000000914,5945.76,6005.0083,-59.2483000000002
2025-07-29 10:00:00,12750.788,12638.393,112.39500000000044,44.833557,44.791718,0.04183899999999596,24.0,23.991398,0.008601999999999776,6432.46,5940.0176,492.4423999999999
2025-07-29 11:00:00,11665.614,11558.148,107.46600000000035,44.836243,44.79018,0.04606300000000374,24.0,23.99331,0.0066899999999989745,6176.44,6262.2686,-85.82860000000073
2025-07-29 12:00:00,11123.027,11050.5,72.52700000000004,44.838924,44.79331,0.04561400000000049,24.0,23.99542,0.004580000000000695,6147.51,6129.6,17.909999999999854
2025-07-29 13:00:00,11394.321,11264.491,129.82999999999993,44.84161,44.79938,0.04223000000000354,24.0,23.997097,0.002902999999999878,5978.0903,5991.8506,-13.760299999999916
2025-07-29 14:00:00,12208.201,12054.283,153.91799999999967,44.84429,44.807903,0.03638699999999773,24.0,23.99833,0.0016700000000007265,5753.2095,5807.963,-54.7534999999998
2025-07-29 15:00:00,13835.961,13660.22,175.74099999999999,44.846977,44.81755,0.02942700000000542,24.0,23.998905,0.001094999999999402,5684.49,5569.973,114.51699999999983
2025-07-29 16:00:00,17091.48,16819.26,272.22000000000116,44.849663,44.82715,0.022512999999996453,24.0,23.998531,0.0014690000000001646,5677.89,5559.4326,118.45740000000023
2025-07-29 17:00:00,20889.588,20449.703,439.8849999999984,44.85235,44.83414,0.01821000000000339,24.0,23.998096,0.0019039999999996837,5206.9697,5481.224,-274.2543000000005
2025-07-29 18:00:00,22517.35,21944.5,572.8499999999985,44.855034,44.831295,0.023739000000006172,24.0,23.996218,0.0037820000000010623,4992.6,5086.2324,-93.6323999999995
2025-07-29 19:00:00,19261.828,19075.127,186.70100000000093,44.85772,44.825195,0.03252499999999969,24.0,23.992327,0.007673000000000485,5285.0,5196.9727,88.02729999999974
2025-07-29 20:00:00,15192.428,15070.449,121.97899999999936,44.860405,44.82029,0.04011500000000012,24.0,23.988693,0.011306999999998624,5112.6997,5139.907,-27.207300000000032
2025-07-29 21:00:00,11936.908,11790.186,146.72199999999975,44.863087,44.813187,0.049900000000000944,24.0,23.987339,0.012661000000001366,4761.4,4923.6187,-162.21870000000035
2025-07-29 22:00:00,8681.388,8741.576,-60.18799999999828,44.865772,44.80268,0.06309199999999748,24.0,23.985723,0.014276999999999873,4537.2,4557.9883,-20.788300000000163
2025-07-29 23:00:00,7324.921,7104.7964,220.1246000000001,44.868458,44.796173,0.07228499999999372,24.0,23.983034,0.016966000000000037,4211.9,4273.215,-61.31500000000051
2025-07-30 00:00:00,6569.5776,5889.1562,680.4213999999993,44.871143,44.800415,0.07072799999999546,22.1,23.7736,-1.6735999999999969,4139.0,4079.7917,59.20829999999978
2025-07-30 01:00:00,5375.109,5601.048,-225.9389999999994,44.87382,44.812187,0.06163300000000049,22.1,22.111904,-0.011903999999997694,4072.5,4155.346,-82.84599999999955
2025-07-30 02:00:00,4479.2573,4662.08,-182.8226999999997,44.876507,44.82576,0.0507469999999941,22.1,22.101105,-0.0011049999999990234,3828.5,4056.4666,-227.9666000000002
2025-07-30 03:00:00,4479.2573,4649.118,-169.86070000000018,44.879192,44.833916,0.045276000000001204,22.1,22.096766,0.0032340000000026237,3787.4,3796.796,-9.39599999999973
2025-07-30 04:00:00,5972.3433,5909.2666,63.07670000000053,44.881878,44.849487,0.03239099999999695,22.1,22.094265,0.005735000000001378,3868.3,3864.0679,4.232100000000173
2025-07-30 05:00:00,9555.749,9188.709,367.03999999999905,44.884563,44.862335,0.02222799999999836,22.1,22.093,0.0070000000000014495,3903.8,4064.1978,-160.39779999999973
2025-07-30 06:00:00,15229.476,14311.971,917.505000000001,44.88725,44.865116,0.022134000000001208,22.1,22.095816,0.004184000000002186,4201.0,4423.459,-222.45899999999983
2025-07-30 07:00:00,19111.498,18286.836,824.6620000000003,44.889935,44.861397,0.028538000000004615,22.1,22.101223,-0.00122299999999953,5134.5,5151.5034,-17.0033999999996
2025-07-30 08:00:00,20604.584,19806.574,798.0099999999984,44.892616,44.860023,0.03259299999999854,22.1,22.106709,-0.0067089999999971894,5699.54,5542.154,157.3859999999995
2025-07-30 09:00:00,16722.56,17051.318,-328.757999999998,44.8953,44.859432,0.03586800000000068,22.1,22.109426,-0.009425999999997714,5983.84,5916.7485,67.09150000000045
2025-07-30 10:00:00,14035.006,14047.797,-12.791000000001077,44.897987,44.85618,0.041806999999998595,22.1,22.108114,-0.008113999999999066,6246.54,6353.2617,-106.72170000000006
2025-07-30 11:00:00,12840.538,12782.359,58.17900000000009,44.900673,44.854225,0.046447999999998046,22.1,22.105091,-0.005091000000000179,6164.7695,6049.2295,115.53999999999996
2025-07-30 12:00:00,12243.304,12164.42,78.88400000000001,44.90336,44.85406,0.04930000000000234,22.1,22.102049,-0.0020489999999995234,5953.77,6131.7065,-177.9364999999998
2025-07-30 13:00:00,12541.921,12325.05,216.871000000001,44.906044,44.858448,0.04759599999999864,22.1,22.10021,-0.0002099999999991553,5635.33,5845.55,-210.22000000000025
2025-07-30 14:00:00,13437.772,13169.016,268.7560000000012,44.908722,44.86518,0.043541999999995085,22.1,22.099049,0.0009510000000005903,5459.55,5500.59,-41.039999999999964
2025-07-30 15:00:00,15229.476,14895.564,333.91200000000026,44.911407,44.874645,0.036761999999995965,22.1,22.098597,0.001402999999999821,5623.36,5442.868,180.49199999999928
2025-07-30 16:00:00,18812.88,18273.953,538.9269999999997,44.914093,44.88595,0.02814300000000003,22.1,22.098232,0.0017680000000019902,5483.52,5613.0957,-129.57569999999942
2025-07-30 17:00:00,22993.521,22231.111,762.4099999999999,44.91678,44.89648,0.02030000000000598,22.1,22.099632,0.0003680000000017003,5154.88,5137.0166,17.863400000000183
2025-07-30 18:00:00,24785.225,24093.393,691.8319999999985,44.919464,44.89634,0.023123999999995704,22.1,22.10357,-0.003569999999999851,4801.91,4998.991,-197.08100000000013
2025-07-30 19:00:00,21201.818,21346.713,-144.89500000000044,44.922146,44.89171,0.03043599999999458,22.1,22.108992,-0.008991999999999223,5055.8003,5084.063,-28.262700000000223
2025-07-30 20:00:00,16722.56,16907.625,-185.0649999999987,44.92483,44.889038,0.03579200000000071,22.1,22.114065,-0.014064999999998662,4906.3,4937.2344,-30.934400000000096
2025-07-30 21:00:00,13139.155,13259.1455,-119.99049999999988,44.927517,44.88611,0.04140699999999953,22.1,22.114925,-0.014924999999998079,4634.4,4657.6587,-23.258700000000317
2025-07-30 22:00:00,9555.749,9908.058,-352.3090000000011,44.930202,44.880898,0.04930399999999935,22.1,22.113531,-0.013530999999996851,4421.0,4480.4355,-59.43549999999959
2025-07-30 23:00:00,8062.6636,8010.517,52.146600000000035,44.932888,44.87696,0.05592800000000153,22.1,22.114761,-0.014761000000000024,4221.5,4200.3833,21.116699999999582
2025-07-31 00:00:00,4619.026,7074.2876,-2455.2616,44.935574,44.876595,0.05897900000000078,22.8,22.448917,0.35108299999999915,4080.5798,4172.7524,-92.17260000000033
2025-07-31 01:00:00,3779.2031,3435.452,343.75109999999995,44.938255,44.883198,0.05505699999999791,22.8,22.794804,0.005196000000001533,3890.8699,4067.985,-177.11509999999998
2025-07-31 02:00:00,3149.336,3684.8948,-535.5588000000002,44.940937,44.89044,0.050497000000000014,22.8,22.794552,0.00544800000000123,3708.16,3769.3252,-61.16520000000037
2025-07-31 03:00:00,3149.336,3460.0723,-310.7363,44.943623,44.89643,0.04719300000000004,22.8,22.794323,0.0056770000000021525,3748.72,3747.2834,1.4365999999999985
2025-07-31 04:00:00,4199.1147,4746.401,-547.2862999999998,44.94631,44.905914,0.0403959999999941,22.8,22.793375,0.006624999999999659,3833.71,3880.4165,-46.70649999999978
2025-07-31 05:00:00,6718.5835,7402.4453,-683.8618000000006,44.94899,44.914948,0.03404199999999946,22.8,22.792845,0.007155000000000911,3894.88,3941.168,-46.28800000000001
2025-07-31 06:00:00,10707.742,11460.921,-753.1790000000001,44.951675,44.918167,0.033508000000004756,22.8,22.794395,0.005604999999999194,4215.36,4219.9775,-4.617500000000291
2025-07-31 07:00:00,13437.165,13800.111,-362.9459999999999,44.95436,44.91811,0.03625000000000256,22.8,22.796734,0.003265999999999991,5224.37,5034.8223,189.54770000000008
2025-07-31 08:00:00,14486.944,14507.919,-20.975000000000364,44.957047,44.91997,0.03707700000000358,22.8,22.798689,0.0013110000000011723,5582.67,5659.4565,-76.78650000000016
2025-07-31 09:00:00,11757.5205,11353.275,404.2455000000009,44.959732,44.9189,0.040832000000001756,22.8,22.799526,0.00047400000000052955,5922.57,5821.0186,101.55139999999938
2025-07-31 10:00:00,9867.919,9904.29,-36.371000000001004,44.962418,44.91501,0.04740799999999723,22.8,22.799576,0.00042400000000242244,6341.71,6101.615,240.09500000000025
2025-07-31 11:00:00,9028.096,9149.366,-121.27000000000044,44.965103,44.912693,0.052410000000001844,22.8,22.79924,0.0007599999999996498,6183.88,6208.5557,-24.67569999999978
2025-07-31 12:00:00,8608.186,8783.543,-175.35699999999997,44.967785,44.912476,0.05530900000000116,22.8,22.798979,0.001021000000001493,6116.39,5982.727,133.66300000000047
2025-07-31 13:00:00,8818.141,9083.466,-265.3250000000007,44.97047,44.916336,0.054133999999997684,22.8,22.798882,0.0011180000000017287,5924.52,5827.44,97.08000000000084
2025-07-31 14:00:00,9448.008,9742.767,-294.759,44.973156,44.92182,0.051336000000006266,22.8,22.798965,0.0010350000000016735,5673.84,5762.3755,-88.53549999999996
2025-07-31 15:00:00,10707.742,11079.519,-371.77700000000004,44.975838,44.92815,0.04768800000000084,22.8,22.798656,0.0013439999999995678,5635.99,5813.894,-177.90400000000045
2025-07-31 16:00:00,13227.21,13724.12,-496.9100000000017,44.97852,44.933292,0.0452280000000016,22.8,22.797827,0.0021729999999990923,5490.87,5550.802,-59.93199999999979
2025-07-31 17:00:00,16166.59,16548.838,-382.2479999999996,44.981205,44.93697,0.04423500000000047,22.8,22.797468,0.002532000000002199,5270.3003,5250.357,19.94329999999991
2025-07-31 18:00:00,17426.324,17370.926,55.39800000000105,44.98389,44.940605,0.04328500000000446,22.8,22.797659,0.0023410000000012587,4901.36,5007.3315,-105.97150000000056
2025-07-31 19:00:00,14906.856,14367.402,539.4539999999997,44.986576,44.941685,0.04489099999999979,22.8,22.797918,0.0020820000000014716,4829.44,5131.3657,-301.9257000000007
2025-07-31 20:00:00,11757.5205,11421.097,336.4235000000008,44.98926,44.940388,0.04887200000000291,22.8,22.798132,0.0018680000000017571,4769.22,4773.287,-4.067000000000007
2025-07-31 21:00:00,9238.052,9058.267,179.78499999999985,44.991947,44.93525,0.056696999999999775,22.8,22.797905,0.002095000000000624,4461.82,4583.0283,-121.20830000000024
2025-07-31 22:00:00,6718.5835,6691.376,27.207499999999527,44.994633,44.928596,0.06603700000000146,22.8,22.797573,0.002427000000000845,4209.06,4337.769,-128.70899999999983
2025-07-31 23:00:00,5668.804,5943.0557,-274.2516999999998,44.997314,44.926834,0.07048000000000343,22.8,22.797401,0.002599000000000018,3819.02,4110.2964,-291.2764000000002
2025-08-01 00:00:00,6601.441,3701.5847,2899.8563,45.0,44.93112,0.06888000000000005,23.109999,22.673475,0.4365239999999986,3791.5,3819.7073,-28.207300000000032
2025-08-01 01:00:00,5401.179,6630.916,-1229.737,45.0,44.939484,0.06051599999999979,23.109999,23.105602,0.00439699999999732,3745.4,3722.3633,23.03670000000011
2025-08-01 02:00:00,4500.9824,4494.97,6.012399999999616,45.0,44.949226,0.05077399999999699,23.109999,23.105713,0.004285999999996903,3691.9998,3667.1687,24.83109999999988
2025-08-01 03:00:00,4500.9824,4696.7524,-195.77000000000044,45.0,44.955887,0.044113000000002955,23.109999,23.105635,0.004363999999998924,3631.9998,3789.3523,-157.35249999999996
2025-08-01 04:00:00,6001.31,5598.0264,403.28360000000066,45.0,44.96766,0.032339999999997815,23.109999,23.10451,0.005488999999997191,3621.5999,3790.9175,-169.31759999999986
2025-08-01 05:00:00,9602.097,8608.548,993.5489999999991,45.0,44.98172,0.018279999999997187,23.109999,23.102556,0.007442999999998534,3881.7998,3784.1057,97.69409999999971
2025-08-01 06:00:00,15303.34,13584.133,1719.2070000000003,45.0,44.98848,0.01151999999999731,23.109999,23.102299,0.007699999999999818,4052.1,4235.062,-182.962
2025-08-01 07:00:00,19204.191,17906.953,1297.2379999999976,45.0,44.98564,0.014360000000003481,23.109999,23.104708,0.005290999999999713,5061.92,4977.035,84.88500000000022
2025-08-01 08:00:00,20704.52,19627.818,1076.7020000000011,45.0,44.97582,0.0241800000000012,23.109999,23.106514,0.00348499999999774,5413.44,5403.2197,10.220299999999952
2025-08-01 09:00:00,16803.668,17635.898,-832.2299999999996,45.0,44.967346,0.03265400000000085,23.109999,23.106894,0.003104999999997915,5669.82,5731.3657,-61.54570000000058
2025-08-01 10:00:00,14103.079,14199.709,-96.63000000000102,45.0,44.96179,0.03820999999999941,23.109999,23.10728,0.0027189999999990278,5981.15,6042.3833,-61.23330000000078
2025-08-01 11:00:00,12902.816,12848.3955,54.420500000000175,45.0,44.959236,0.04076400000000291,23.109999,23.107784,0.002214999999999634,5935.15,5883.276,51.873999999999796
2025-08-01 12:00:00,12302.686,12180.551,122.13500000000022,45.0,44.960403,0.03959700000000055,23.109999,23.108084,0.0019149999999967804,5799.16,5897.9746,-98.8145999999997
2025-08-01 13:00:00,12602.752,12232.087,370.6650000000009,45.0,44.966003,0.03399699999999939,23.109999,23.107803,0.0021959999999978663,5516.41,5682.161,-165.7510000000002
2025-08-01 14:00:00,13502.946,13045.619,457.3269999999993,45.0,44.972954,0.02704599999999857,23.109999,23.107426,0.00257299999999816,5369.35,5369.39,-0.03999999999996362
2025-08-01 15:00:00,15303.34,14683.616,619.7240000000002,45.0,44.981297,0.018703000000002135,23.109999,23.10724,0.0027589999999975134,5423.8403,5377.4756,46.364700000000084
2025-08-01 16:00:00,18904.125,17782.586,1121.5390000000007,45.0,44.99061,0.00939000000000334,23.109999,23.10702,0.002978999999999843,5308.7495,5323.8843,-15.134799999999814
2025-08-01 17:00:00,23105.043,21697.047,1407.9960000000028,45.0,44.99652,0.0034800000000032583,23.109999,23.107973,0.0020259999999971967,5051.89,5144.8193,-92.92929999999978
2025-08-01 18:00:00,24905.436,23941.48,963.956000000002,45.0,44.988552,0.011448000000001457,23.109999,23.1091,0.0008989999999968745,4946.5,4805.5967,140.90329999999994
2025-08-01 19:00:00,21304.65,21924.262,-619.6119999999974,45.0,44.976162,0.023837999999997805,23.109999,23.109024,0.0009749999999968395,4992.9004,4915.495,77.40540000000055
2025-08-01 20:00:00,16803.668,17416.54,-612.8719999999994,45.0,44.968018,0.03198199999999929,23.109999,23.108402,0.00159699999999674,4842.4,4940.7905,-98.39050000000043
2025-08-01 21:00:00,13202.882,13666.183,-463.3010000000013,45.0,44.960506,0.0394939999999977,23.109999,23.107557,0.002441999999998501,4628.3,4630.97,-2.6700000000000728
2025-08-01 22:00:00,9602.097,10341.452,-739.3549999999996,45.0,44.95048,0.04952000000000112,23.109999,23.106752,0.0032469999999982235,4398.5,4439.7393,-41.239300000000185
2025-08-01 23:00:00,8101.7686,8125.5957,-23.82709999999952,45.0,44.940277,0.059722999999998194,23.109999,23.105995,0.004003999999998342,4041.3,4118.1445,-76.84450000000015
2025-08-02 00:00:00,5664.878,8066.5654,-2401.6874000000007,45.0,44.935875,0.0641249999999971,23.235,23.051493,0.18350699999999875,3769.47,4049.0942,-279.6242000000002
2025-08-02 01:00:00,4634.9004,4100.5474,534.3530000000001,45.0,44.941692,0.058307999999996696,23.235,23.230928,0.004072000000000742,3743.6301,3816.1274,-72.4973
2025-08-02 02:00:00,3862.4172,4376.9556,-514.5384000000004,45.0,44.952045,0.047955000000001746,23.235,23.231483,0.00351699999999866,3605.83,3768.2769,-162.4468999999999
2025-08-02 03:00:00,3862.4172,4046.8718,-184.45460000000003,45.0,44.960857,0.039143000000002814,23.235,23.231628,0.0033719999999988204,3631.74,3643.7644,-12.024400000000242
2025-08-02 04:00:00,5149.8896,5388.134,-238.2443999999996,45.0,44.969864,0.03013599999999883,23.235,23.231098,0.003902000000000072,3549.59,3702.067,-152.47699999999986
2025-08-02 05:00:00,8239.823,8315.81,-75.98699999999917,45.0,44.977665,0.022334999999998217,23.235,23.230503,0.004497000000000639,3618.33,3857.0264,-238.69640000000027
2025-08-02 06:00:00,13132.219,12951.412,180.80699999999888,45.0,44.980793,0.01920700000000153,23.235,23.231247,0.0037529999999996733,4120.56,3887.5022,233.0578000000005
2025-08-02 07:00:00,16479.645,16091.611,388.03399999999965,45.0,44.97643,0.023569999999999425,23.235,23.232752,0.0022479999999980294,5112.71,4992.0024,120.70759999999973
2025-08-02 08:00:00,17767.117,17182.191,584.9259999999995,45.0,44.970997,0.029003000000003,23.235,23.233849,0.0011510000000001241,5490.91,5416.0957,74.8143
2025-08-02 09:00:00,14419.69,14098.879,320.8109999999997,45.0,44.96529,0.03470999999999691,23.235,23.234585,0.00041500000000027626,5703.1,5710.2563,-7.156299999999646
2025-08-02 10:00:00,12102.24,11968.056,134.1839999999993,45.0,44.960064,0.03993599999999731,23.235,23.235022,-2.200000000129876e-05,5877.6104,5949.701,-72.09060000000045
2025-08-02 11:00:00,11072.262,10991.684,80.57800000000134,45.0,44.95653,0.04346999999999923,23.235,23.235126,-0.0001260000000016248,5862.55,5836.3423,26.20769999999993
2025-08-02 12:00:00,10557.273,10522.131,35.141999999999825,45.0,44.955456,0.044544000000001915,23.235,23.235357,-0.0003570000000010509,5674.34,5749.2827,-74.9426999999996
2025-08-02 13:00:00,10814.768,10786.911,27.85699999999997,45.0,44.958126,0.04187399999999997,23.235,23.235529,-0.0005290000000002237,5552.85,5471.0684,81.78160000000025
2025-08-02 14:00:00,11587.251,11543.766,43.48500000000058,45.0,44.9616,0.038400000000002876,23.235,23.235546,-0.0005459999999999354,5212.03,5447.275,-235.2449999999999
2025-08-02 15:00:00,13132.219,13047.234,84.98499999999876,45.0,44.96565,0.03435000000000343,23.235,23.235184,-0.00018400000000085015,5222.65,5314.151,-91.5010000000002
2025-08-02 16:00:00,16222.151,16000.747,221.40400000000045,45.0,44.969166,0.030833999999998696,23.235,23.23468,0.00031999999999854367,4989.49,5180.396,-190.90599999999995
2025-08-02 17:00:00,19827.074,19401.342,425.73199999999997,45.0,44.9713,0.028700000000000614,23.235,23.234394,0.000605999999997664,4858.5503,4860.558,-2.0077000000001135
2025-08-02 18:00:00,21372.041,20749.336,622.7050000000017,45.0,44.96991,0.030090000000001282,23.235,23.23403,0.0009699999999988052,4874.6997,4831.784,42.91570000000047
2025-08-02 19:00:00,18282.105,17802.727,479.3780000000006,45.0,44.966274,0.03372600000000148,23.235,23.233473,0.00152699999999939,5076.1,4956.514,119.58600000000024
2025-08-02 20:00:00,14419.69,14165.987,253.70300000000134,45.0,44.961407,0.03859299999999877,23.235,23.23278,0.0022199999999976683,4852.03,4947.6685,-95.63850000000002
2025-08-02 21:00:00,11329.757,11194.169,135.58799999999974,45.0,44.95566,0.04433999999999827,23.235,23.23202,0.002980000000000871,4708.2,4696.8223,11.377700000000004
2025-08-02 22:00:00,8239.823,8315.653,-75.82999999999993,45.0,44.947083,0.05291700000000077,23.235,23.230768,0.004231999999998237,4319.04,4517.242,-198.20200000000023
2025-08-02 23:00:00,6952.3506,7016.626,-64.27540000000045,45.0,44.937943,0.062057000000002915,23.235,23.229433,0.0055669999999992115,3910.03,4091.1833,-181.15329999999994
2025-08-03 00:00:00,6427.1455,5262.575,1164.5704999999998,48.0,44.93898,3.061019999999999,23.285,23.208185,0.07681499999999986,3735.65,3796.3308,-60.68080000000009
2025-08-03 01:00:00,5258.5737,5954.7607,-696.1869999999999,48.0,47.9265,0.07350000000000279,23.285,23.280783,0.004217000000000581,3618.55,3787.7085,-169.1585
2025-08-03 02:00:00,4382.145,4550.8726,-168.72759999999926,48.0,47.941067,0.05893300000000323,23.285,23.281773,0.0032269999999989807,3541.3,3597.1248,-55.82479999999987
2025-08-03 03:00:00,4382.145,4573.353,-191.20799999999963,48.0,47.95102,0.048980000000000246,23.285,23.28221,0.0027900000000009584,3491.46,3637.8699,-146.4099000000001
2025-08-03 04:00:00,5842.86,5687.0234,155.83659999999963,48.0,47.96226,0.03773999999999944,23.285,23.281452,0.0035479999999985523,3592.61,3518.834,73.7760000000003
2025-08-03 05:00:00,9348.576,8801.355,547.2209999999995,48.0,47.97296,0.02703999999999951,23.285,23.280525,0.004474999999999341,3556.53,3727.2197,-170.6896999999999
2025-08-03 06:00:00,14899.292,13822.502,1076.789999999999,48.0,47.979885,0.020114999999996996,23.285,23.281193,0.003807000000001892,3771.51,4051.4148,-279.9047999999998
2025-08-03 07:00:00,18697.15,17720.232,976.9180000000015,48.0,47.97426,0.025739999999998986,23.285,23.282766,0.0022340000000014015,4564.94,4665.5273,-100.58730000000014
2025-08-03 08:00:00,20157.865,19165.477,992.3880000000026,48.0,47.959686,0.04031400000000218,23.285,23.283216,0.001784000000000674,4851.32,4944.0083,-92.68830000000071
2025-08-03 09:00:00,16360.007,16565.752,-205.7450000000008,48.0,47.947205,0.052795000000003256,23.285,23.283354,0.0016460000000009245,5240.71,5096.429,144.28099999999995
2025-08-03 10:00:00,13730.72,13602.764,127.95600000000013,48.0,47.938034,0.06196599999999819,23.285,23.283646,0.0013539999999991892,5666.84,5388.7075,278.1324999999997
2025-08-03 11:00:00,12562.149,12368.5625,193.58649999999943,48.0,47.933292,0.06670799999999844,23.285,23.283464,0.0015360000000015361,5504.25,5605.825,-101.57499999999982
2025-08-03 12:00:00,11977.863,11770.617,207.24599999999919,48.0,47.93194,0.06806000000000267,23.285,23.28343,0.0015700000000009595,5369.99,5354.0747,15.915299999999661
2025-08-03 13:00:00,12270.006,11916.71,353.2960000000003,48.0,47.936825,0.06317500000000109,23.285,23.283463,0.0015369999999990114,5179.99,5278.373,-98.38299999999981
2025-08-03 14:00:00,13146.435,12704.991,441.4439999999995,48.0,47.944927,0.05507300000000015,23.285,23.28381,0.0011900000000011346,4872.1,4942.8687,-70.76869999999963
2025-08-03 15:00:00,14899.292,14290.315,608.976999999999,48.0,47.95595,0.04404999999999859,23.285,23.283836,0.0011639999999992767,4969.1,4928.156,40.944000000000415
2025-08-03 16:00:00,18405.008,17470.31,934.6980000000003,48.0,47.969837,0.030163000000001716,23.285,23.283413,0.0015870000000006712,4871.4,4815.121,56.27899999999954
2025-08-03 17:00:00,22495.01,21306.395,1188.614999999998,48.0,47.975018,0.024982000000001392,23.285,23.284344,0.0006559999999993238,4618.53,4791.2915,-172.76150000000052
2025-08-03 18:00:00,24247.867,23209.307,1038.5599999999977,48.0,47.963776,0.03622399999999715,23.285,23.285461,-0.000461000000001377,4555.86,4687.726,-131.86599999999999
2025-08-03 19:00:00,20742.152,20666.072,76.07999999999811,48.0,47.945415,0.05458500000000299,23.285,23.28566,-0.0006599999999998829,4876.06,4772.333,103.72700000000077
2025-08-03 20:00:00,16360.007,16400.088,-40.08100000000013,48.0,47.93078,0.06922000000000139,23.285,23.284863,0.00013699999999872148,4716.42,4711.116,5.304000000000087
2025-08-03 21:00:00,12854.292,12856.582,-2.290000000000873,48.0,47.920994,0.07900599999999969,23.285,23.283546,0.0014539999999989561,4537.22,4601.1587,-63.9386999999997
2025-08-03 22:00:00,9348.576,9624.747,-276.1710000000003,48.0,47.908447,0.09155299999999755,23.285,23.282902,0.0020980000000001553,4166.01,4256.5728,-90.5627999999997
2025-08-03 23:00:00,7887.861,7666.7046,221.15639999999985,48.0,47.892963,0.10703699999999827,23.285,23.283209,0.0017910000000007642,3876.0,3907.359,-31.358999999999924
2025-08-04 00:00:00,5616.0884,6587.2896,-971.2012000000004,43.0,47.51163,-4.511629999999997,24.21,23.270943,0.9390570000000018,3661.8,3792.7422,-130.94219999999996
2025-08-04 01:00:00,4594.982,4480.0312,114.95079999999962,43.0,42.96522,0.03477999999999781,24.21,24.190653,0.01934699999999978,3657.5002,3636.9146,20.585599999999886
2025-08-04 02:00:00,3829.1516,4175.7827,-346.6310999999996,43.0,42.973682,0.026318000000003394,24.21,24.198906,0.011093999999999937,3528.0,3632.309,-104.3090000000002
2025-08-04 03:00:00,3829.1516,3973.742,-144.59040000000005,43.0,42.98306,0.01693999999999818,24.21,24.203274,0.006726000000000454,3386.2998,3545.416,-159.1162000000004
2025-08-04 04:00:00,5105.535,5204.0576,-98.52260000000024,43.0,42.988747,0.01125300000000351,24.21,24.203863,0.0061370000000025016,3479.4,3539.8254,-60.42540000000008
2025-08-04 05:00:00,8168.856,8089.5825,79.27349999999933,43.0,42.990807,0.009193000000003337,24.21,24.203186,0.006814000000002096,3471.1,3526.6296,-55.5296000000003
2025-08-04 06:00:00,13019.115,12627.8,391.3150000000005,43.0,42.988953,0.011046999999997809,24.21,24.202797,0.0072030000000005145,3850.2998,3722.0598,128.23999999999978
2025-08-04 07:00:00,16337.712,15658.671,679.0409999999993,43.0,42.984634,0.015366000000000213,24.21,24.201052,0.008948000000000178,4028.57,4463.781,-435.2109999999998
2025-08-04 08:00:00,17614.096,16613.994,1000.1020000000026,43.0,42.983807,0.016193000000001234,24.21,24.197477,0.012523000000001616,4440.14,4369.946,70.19400000000041
2025-08-04 09:00:00,14295.499,13703.715,591.7839999999997,43.0,42.976208,0.023792000000000257,24.21,24.196316,0.013684000000001362,5090.7,4782.884,307.8159999999998
2025-08-04 10:00:00,11998.008,11588.897,409.11099999999897,43.0,42.96511,0.0348899999999972,24.21,24.197203,0.012797000000002612,5300.3604,5350.71,-50.349600000000464
2025-08-04 11:00:00,10976.9,10615.163,361.73699999999917,43.0,42.95846,0.04153999999999769,24.21,24.198423,0.011577000000002613,5079.09,5134.1255,-55.035499999999956
2025-08-04 12:00:00,10466.348,10164.768,301.5799999999999,43.0,42.955276,0.044724000000002206,24.21,24.200487,0.009513000000001881,5127.91,4963.2026,164.70740000000023
2025-08-04 13:00:00,10721.624,10442.011,279.6129999999994,43.0,42.959614,0.040385999999998035,24.21,24.203054,0.006945999999999231,4756.52,4952.2295,-195.70949999999993
2025-08-04 14:00:00,11487.454,11205.545,281.90899999999965,43.0,42.9675,0.03249999999999886,24.21,24.205797,0.004203000000000401,4642.35,4547.9004,94.44959999999992
2025-08-04 15:00:00,13019.115,12711.255,307.8600000000006,43.0,42.976936,0.023063999999997975,24.21,24.207489,0.0025110000000019284,4407.0,4736.0366,-329.03660000000036
2025-08-04 16:00:00,16082.436,15749.035,333.40099999999984,43.0,42.988194,0.011805999999999983,24.21,24.20728,0.0027200000000000557,4272.58,4401.625,-129.04500000000007
2025-08-04 17:00:00,19656.31,19196.307,460.0030000000006,43.0,42.997013,0.0029869999999974084,24.21,24.206177,0.003823000000000576,4063.6902,4154.3345,-90.64429999999993
2025-08-04 18:00:00,21187.97,20500.742,687.2280000000028,43.0,42.996826,0.0031740000000013424,24.21,24.202948,0.0070520000000016125,3857.5398,4107.8774,-250.3376000000003
2025-08-04 19:00:00,18124.648,17662.143,462.505000000001,43.0,42.99412,0.005879999999997665,24.21,24.195839,0.014161000000001422,4309.0,4241.4453,67.55469999999968
2025-08-04 20:00:00,14295.499,14146.462,149.03700000000026,43.0,42.99209,0.007910000000002526,24.21,24.187433,0.022567000000002224,4217.7,4233.474,-15.774000000000342
2025-08-04 21:00:00,11232.178,11186.574,45.60399999999936,43.0,42.986687,0.013312999999996578,24.21,24.182966,0.027034000000000447,4096.6,4118.2305,-21.6304999999993
2025-08-04 22:00:00,8168.856,8434.847,-265.991,43.0,42.977383,0.02261699999999678,24.21,24.180326,0.029673999999999978,3910.0,3862.725,47.27500000000009
2025-08-04 23:00:00,6892.4727,6967.7603,-75.28759999999966,43.0,42.96572,0.03428000000000253,24.21,24.1788,0.031200000000001893,3624.0,3716.607,-92.60699999999997
2025-08-05 00:00:00,4787.03,5439.699,-652.6689999999999,44.0,43.565193,0.4348069999999993,23.4,24.027302,-0.6273020000000002,3480.52,3521.5005,-40.98050000000012
2025-08-05 01:00:00,3916.6606,4450.966,-534.3054000000002,44.0,43.93508,0.06492000000000075,23.4,23.401724,-0.0017240000000029454,3487.7002,3526.5564,-38.85619999999972
2025-08-05 02:00:00,3263.8838,3715.4963,-451.6124999999997,44.0,43.963463,0.036537000000002706,23.4,23.400686,-0.0006860000000017408,3403.82,3438.3818,-34.56179999999995
2025-08-05 03:00:00,3263.8838,3641.762,-377.8782000000001,44.0,43.977818,0.022182000000000812,23.4,23.399206,0.0007939999999990732,3390.28,3355.823,34.457000000000335
2025-08-05 04:00:00,4351.845,4777.9487,-426.10369999999966,44.0,43.985264,0.014735999999999194,23.4,23.396725,0.0032749999999985846,3423.35,3532.0508,-108.70080000000007
2025-08-05 05:00:00,6962.952,7428.75,-465.7979999999998,44.0,43.986717,0.013283000000001266,23.4,23.393963,0.006036999999999182,3629.43,3527.9922,101.4377999999997
2025-08-05 06:00:00,11097.205,11283.802,-186.59699999999975,44.0,43.987206,0.012793999999999528,23.4,23.394678,0.005321999999999605,4010.22,4029.501,-19.281000000000404
2025-08-05 07:00:00,13925.904,13674.585,251.31900000000132,44.0,43.98638,0.013620000000003074,23.4,23.39781,0.002189999999998804,5166.56,4294.372,872.1880000000001
2025-08-05 08:00:00,15013.864,14436.191,577.6729999999989,44.0,43.978592,0.021408000000000982,23.4,23.400278,-0.0002780000000015548,5551.46,5431.9746,119.48540000000048
2025-08-05 09:00:00,12185.166,11812.641,372.52499999999964,44.0,43.96764,0.03235999999999706,23.4,23.401981,-0.0019810000000006767,6074.12,6010.4976,63.6224000000002
2025-08-05 10:00:00,10226.836,10053.882,172.95399999999972,44.0,43.958275,0.04172499999999957,23.4,23.402437,-0.0024370000000004666,6471.23,6171.9883,299.2416999999996
2025-08-05 11:00:00,9356.467,9254.299,102.16799999999967,44.0,43.954475,0.04552499999999782,23.4,23.401485,-0.001485000000002401,6185.2397,6192.404,-7.164300000000367
2025-08-05 12:00:00,8921.283,8869.68,51.602999999999156,44.0,43.95434,0.045659999999998035,23.4,23.400146,-0.00014600000000086766,6137.15,6174.3003,-37.15030000000024
2025-08-05 13:00:00,9138.875,9089.906,48.96899999999914,44.0,43.958687,0.041313000000002376,23.4,23.399494,0.000505999999997897,5911.19,5816.306,94.88400000000001
2025-08-05 14:00:00,9791.651,9720.475,71.17599999999948,44.0,43.965202,0.034798000000002105,23.4,23.399076,0.0009239999999977044,5732.19,5802.564,-70.3740000000007
2025-08-05 15:00:00,11097.205,10992.219,104.98600000000079,44.0,43.9729,0.027099999999997237,23.4,23.39842,0.0015799999999970282,5724.46,5556.072,168.38799999999992
2025-08-05 16:00:00,13708.312,13523.69,184.6219999999994,44.0,43.97754,0.022460000000002367,23.4,23.397913,0.002086999999999506,5714.9697,5611.4365,103.53319999999985
2025-08-05 17:00:00,16754.604,16440.918,313.6859999999979,44.0,43.978924,0.02107600000000076,23.4,23.398817,0.0011829999999974916,5359.4697,5520.6694,-161.19970000000012
2025-08-05 18:00:00,18060.156,17646.482,413.67399999999907,44.0,43.97613,0.02387000000000228,23.4,23.400425,-0.0004249999999998977,5174.1104,5187.03,-12.919600000000173
2025-08-05 19:00:00,15449.05,15207.733,241.3169999999991,44.0,43.970703,0.029296999999999684,23.4,23.401669,-0.0016689999999996985,5207.21,5479.857,-272.64699999999993
2025-08-05 20:00:00,12185.166,12172.155,13.010999999998603,44.0,43.96466,0.03533999999999793,23.4,23.402191,-0.002190999999999832,4971.73,5117.0527,-145.32270000000062
2025-08-05 21:00:00,9574.06,9686.663,-112.60300000000097,44.0,43.95446,0.04554000000000258,23.4,23.401886,-0.0018860000000024968,4652.09,4849.322,-197.23199999999997
2025-08-05 22:00:00,6962.952,7317.5215,-354.5694999999996,44.0,43.940796,0.059204000000001145,23.4,23.40172,-0.0017200000000023863,4195.91,4504.4736,-308.5636000000004
2025-08-05 23:00:00,5874.9907,6256.8164,-381.8256999999994,44.0,43.928703,0.07129700000000128,23.4,23.401665,-0.001665000000002692,3859.4102,4032.3333,-172.92309999999998
2025-08-06 00:00:00,6630.9707,4745.973,1884.9977,45.0,43.803307,1.1966930000000033,22.865,23.539585,-0.6745850000000004,3711.97,3815.6777,-103.70770000000039
2025-08-06 01:00:00,5425.34,6385.135,-959.7950000000001,45.0,44.93633,0.06367000000000189,22.865,22.863113,0.001886999999999972,3694.27,3779.3447,-85.07470000000012
2025-08-06 02:00:00,4521.116,4670.193,-149.07700000000023,45.0,44.956112,0.04388800000000259,22.865,22.862093,0.0029069999999968843,3632.39,3691.1763,-58.78630000000021
2025-08-06 03:00:00,4521.116,4790.3096,-269.1935999999996,45.0,44.968967,0.031033000000000754,22.865,22.861015,0.003985000000000127,3583.6301,3692.7808,-109.15070000000014
2025-08-06 04:00:00,6028.1553,5833.0483,195.10699999999997,45.0,44.980053,0.019947000000001935,22.865,22.858873,0.006126999999999327,3596.55,3703.5254,-106.97539999999981
2025-08-06 05:00:00,9645.048,8897.409,747.639000000001,45.0,44.988556,0.011443999999997345,22.865,22.856583,0.008416999999997898,3619.12,3878.014,-258.89400000000023
2025-08-06 06:00:00,15371.794,13777.118,1594.6759999999995,45.0,44.995007,0.004992999999998915,22.865,22.856,0.008999999999996788,4055.55,4079.7239,-24.173899999999776
2025-08-06 07:00:00,19290.096,17913.205,1376.8909999999996,45.0,44.99392,0.006079999999997199,22.865,22.858942,0.006057999999999453,5043.98,5092.5166,-48.53660000000036
2025-08-06 08:00:00,20797.133,19564.133,1233.0,45.0,44.98335,0.0166499999999985,22.865,22.861506,0.003493999999999886,5352.27,5435.7715,-83.5014999999994
2025-08-06 09:00:00,16878.832,17513.193,-634.3610000000008,45.0,44.97271,0.027290000000000703,22.865,22.862473,0.0025269999999970594,5858.01,5838.366,19.644000000000233
2025-08-06 10:00:00,14166.165,14148.719,17.44600000000173,45.0,44.965126,0.03487400000000207,22.865,22.863195,0.001804999999997392,6121.0,6202.578,-81.57800000000043
2025-08-06 11:00:00,12960.533,12821.037,139.49599999999919,45.0,44.960655,0.0393449999999973,22.865,22.86329,0.0017099999999992122,5973.8,5923.1973,50.60270000000037
2025-08-06 12:00:00,12357.718,12164.358,193.36000000000058,45.0,44.95935,0.04064999999999941,22.865,22.863174,0.0018259999999976628,5819.4,5957.0396,-137.63960000000043
2025-08-06 13:00:00,12659.126,12234.748,424.3780000000006,45.0,44.96329,0.036709999999999354,22.865,22.862894,0.002105999999997721,5643.0996,5682.5283,-39.42870000000039
2025-08-06 14:00:00,13563.349,13052.772,510.5769999999993,45.0,44.970295,0.02970499999999987,22.865,22.862751,0.0022489999999990573,5579.6997,5540.904,38.79569999999967
2025-08-06 15:00:00,15371.794,14678.561,693.2330000000002,45.0,44.977566,0.022433999999996956,22.865,22.862167,0.0028329999999989752,5543.5996,5609.2075,-65.60790000000088
2025-08-06 16:00:00,18988.688,17807.574,1181.1139999999978,45.0,44.98605,0.01395000000000124,22.865,22.861551,0.0034489999999998133,5411.5996,5575.186,-163.58640000000014
2025-08-06 17:00:00,23208.396,21720.494,1487.9020000000019,45.0,44.993805,0.006194999999998174,22.865,22.862707,0.002292999999998102,4904.9,5182.0264,-277.1264000000001
2025-08-06 18:00:00,25016.842,23964.594,1052.2479999999996,45.0,44.985966,0.014034000000002322,22.865,22.864828,0.00017199999999917281,4832.8003,4849.18,-16.379700000000412
2025-08-06 19:00:00,21399.95,21924.096,-524.1460000000006,45.0,44.97394,0.026060000000001082,22.865,22.86683,-0.0018300000000017747,4970.8,4939.6284,31.17160000000058
2025-08-06 20:00:00,16878.832,17458.756,-579.9240000000027,45.0,44.967037,0.032963000000002296,22.865,22.868376,-0.003376000000002932,4890.8,4838.648,52.152000000000044
2025-08-06 21:00:00,13261.941,13755.433,-493.4920000000002,45.0,44.95982,0.04017999999999944,22.865,22.86812,-0.003120000000002676,4722.4,4671.3,51.099999999999454
2025-08-06 22:00:00,9645.048,10439.858,-794.8099999999995,45.0,44.950317,0.0496830000000017,22.865,22.86714,-0.002140000000000697,4340.4,4399.5664,-59.16640000000007
2025-08-06 23:00:00,8138.0093,8252.893,-114.88370000000032,45.0,44.94146,0.0585400000000007,22.865,22.865967,-0.0009670000000028267,3982.2998,4140.193,-157.89320000000043
2025-08-07 00:00:00,4871.701,8171.5376,-3299.8365999999996,49.0,44.808266,4.191733999999997,22.92,22.96121,-0.041209999999999525,3845.0,3950.5522,-105.55220000000008
2025-08-07 01:00:00,3985.9375,3355.7864,630.1511,49.0,48.926212,0.07378800000000041,22.92,22.917204,0.0027960000000000207,3756.9,3902.4712,-145.57119999999986
2025-08-07 02:00:00,3321.6143,3984.4717,-662.8573999999999,49.0,48.94222,0.05778000000000105,22.92,22.916826,0.0031740000000013424,3594.3,3787.3977,-193.0976999999998
2025-08-07 03:00:00,3321.6143,3644.4832,-322.86889999999994,49.0,48.951935,0.048065000000001135,22.92,22.916254,0.0037460000000031357,3587.1,3652.7878,-65.68780000000015
2025-08-07 04:00:00,4428.8193,4981.3423,-552.5230000000001,49.0,48.96018,0.039819999999998856,22.92,22.91507,0.004930000000001655,3578.9001,3691.7676,-112.86750000000029
2025-08-07 05:00:00,7086.111,7681.49,-595.3789999999999,49.0,48.967594,0.03240600000000171,22.92,22.914568,0.005432000000002546,3800.5,3710.7502,89.74980000000005
2025-08-07 06:00:00,11293.489,11836.973,-543.4840000000004,49.0,48.968,0.031999999999996476,22.92,22.915651,0.0043490000000012685,4082.7,4241.486,-158.78600000000006
2025-08-07 07:00:00,14172.222,14286.637,-114.41500000000087,49.0,48.96106,0.038939999999996644,22.92,22.917835,0.002165000000001527,5053.7197,4982.3237,71.39599999999973
2025-08-07 08:00:00,15279.426,15051.863,227.5630000000001,49.0,48.952316,0.04768399999999673,22.92,22.920353,-0.0003529999999969391,5381.93,5350.942,30.988000000000284
2025-08-07 09:00:00,12400.694,11903.434,497.2600000000002,49.0,48.944214,0.05578599999999767,22.92,22.92202,-0.0020199999999981344,5826.86,5800.3853,26.474699999999757
2025-08-07 10:00:00,10407.726,10346.229,61.49700000000121,49.0,48.93859,0.061410000000002185,22.92,22.922579,-0.0025789999999972224,5904.0503,6033.2295,-129.1792000000005
2025-08-07 11:00:00,9521.961,9564.103,-42.141999999999825,49.0,48.935776,0.06422400000000295,22.92,22.92226,-0.0022599999999997067,5659.62,5807.375,-147.7550000000001
2025-08-07 12:00:00,9079.08,9182.254,-103.17400000000089,49.0,48.934673,0.06532700000000347,22.92,22.921507,-0.0015069999999965944,5585.05,5583.154,1.8959999999997308
2025-08-07 13:00:00,9300.5205,9477.848,-177.32749999999942,49.0,48.936516,0.06348400000000254,22.92,22.921171,-0.001170999999999367,5455.8696,5480.8994,-25.02980000000025
2025-08-07 14:00:00,9964.844,10154.824,-189.98000000000138,49.0,48.939087,0.06091299999999933,22.92,22.921017,-0.0010169999999973811,5221.0103,5444.7144,-223.70409999999993
2025-08-07 15:00:00,11293.489,11520.694,-227.20499999999993,49.0,48.94282,0.05718000000000245,22.92,22.920591,-0.0005910000000000082,5399.23,5264.824,134.40599999999995
2025-08-07 16:00:00,13950.78,14225.336,-274.5559999999987,49.0,48.945793,0.05420699999999812,22.92,22.919659,0.0003410000000023672,5324.06,5331.195,-7.134999999999309
2025-08-07 17:00:00,17050.955,17161.166,-110.21099999999933,49.0,48.9466,0.053400000000003445,22.92,22.919386,0.0006140000000023349,5045.7,4979.7617,65.9382999999998
2025-08-07 18:00:00,18379.6,18096.205,283.3949999999968,49.0,48.944798,0.055202000000001306,22.92,22.919739,0.0002610000000018431,4864.5303,5022.982,-158.45169999999962
2025-08-07 19:00:00,15722.309,15111.049,611.2599999999984,49.0,48.94036,0.05964000000000169,22.92,22.92021,-0.0002099999999991553,5146.6,5014.3213,132.27870000000075
2025-08-07 20:00:00,12400.694,12053.401,347.29299999999967,49.0,48.935375,0.06462499999999949,22.92,22.920446,-0.00044599999999661577,4929.1997,5055.1167,-125.91699999999946
2025-08-07 21:00:00,9743.402,9590.351,153.05099999999948,49.0,48.92993,0.07007000000000119,22.92,22.920258,-0.0002579999999987592,4661.2,4791.0513,-129.85130000000026
2025-08-07 22:00:00,7086.111,7108.1997,-22.088700000000244,49.0,48.92324,0.07676000000000016,22.92,22.91992,8.00000000005241e-05,4355.3003,4392.0435,-36.74319999999989
2025-08-07 23:00:00,5978.9062,6229.925,-251.01879999999983,49.0,48.91907,0.08093000000000217,22.92,22.91977,0.00023000000000195087,3898.7998,4112.394,-213.59420000000046
2025-08-08 00:00:00,5747.7637,4006.3167,1741.4470000000006,44.0,48.41654,-4.416539999999998,23.525002,22.909718,0.615283999999999,3772.6,3891.9863,-119.38630000000012
2025-08-08 01:00:00,4702.7163,5779.081,-1076.3647,44.0,43.95294,0.04706000000000188,23.525002,23.518085,0.006917000000001394,3583.0002,3798.6724,-215.67219999999998
2025-08-08 02:00:00,3918.9297,4103.1123,-184.18259999999964,44.0,43.956936,0.0430640000000011,23.525002,23.520802,0.00420000000000087,3554.4001,3568.6936,-14.293500000000222
2025-08-08 03:00:00,3918.9297,4232.5977,-313.6680000000001,44.0,43.96257,0.03743000000000052,23.525002,23.522083,0.0029190000000021143,3578.9001,3637.1123,-58.21219999999994
2025-08-08 04:00:00,5225.2397,5158.3525,66.88720000000012,44.0,43.974827,0.025173000000002332,23.525002,23.521421,0.0035810000000005004,3646.9,3667.0488,-20.148799999999937
2025-08-08 05:00:00,8360.384,7867.4204,492.96360000000004,44.0,43.989475,0.010525000000001228,23.525002,23.519993,0.005009000000001151,3851.7002,3923.237,-71.53679999999986
2025-08-08 06:00:00,13324.361,12285.233,1039.1280000000006,44.0,43.99865,0.0013500000000021828,23.525002,23.51974,0.005262000000001876,4187.9,4185.807,2.092999999999847
2025-08-08 07:00:00,16720.768,15830.567,890.2010000000009,44.0,43.99398,0.00601999999999947,23.525002,23.521143,0.0038590000000020552,5148.7,5055.0435,93.65650000000005
2025-08-08 08:00:00,18027.076,17249.287,777.7890000000007,44.0,43.98229,0.017710000000001003,23.525002,23.521688,0.003313999999999595,5540.1,5457.358,82.74200000000019
2025-08-08 09:00:00,14630.671,15083.563,-452.8919999999998,44.0,43.97315,0.02685000000000315,23.525002,23.521873,0.0031290000000012697,5846.1997,5908.321,-62.12129999999979
2025-08-08 10:00:00,12279.313,12373.995,-94.6820000000007,44.0,43.96716,0.0328400000000002,23.525002,23.522806,0.002196000000001419,5855.0,5924.2637,-69.26370000000043
2025-08-08 11:00:00,11234.267,11265.474,-31.207000000000335,44.0,43.964188,0.035811999999999955,23.525002,23.523848,0.0011539999999996553,5786.1,5684.0386,102.0614000000005
2025-08-08 12:00:00,10711.742,10712.438,-0.6959999999999127,44.0,43.963604,0.036396000000003426,23.525002,23.524689,0.0003130000000020061,5614.5996,5733.5283,-118.92870000000039
2025-08-08 13:00:00,10973.004,10812.661,160.34300000000076,44.0,43.968197,0.03180299999999647,23.525002,23.525162,-0.0001600000000010482,5492.6,5544.1113,-51.51129999999921
2025-08-08 14:00:00,11756.79,11509.478,247.31200000000172,44.0,43.97575,0.024250000000002103,23.525002,23.525274,-0.00027199999999893976,5370.4,5341.7163,28.68369999999959
2025-08-08 15:00:00,13324.361,12895.27,429.09100000000035,44.0,43.98362,0.016379999999998063,23.525002,23.524673,0.00032900000000068985,5357.3,5545.515,-188.21500000000015
2025-08-08 16:00:00,16459.506,15631.879,827.6270000000004,44.0,43.991703,0.008296999999998889,23.525002,23.52391,0.0010919999999998709,5206.2,5345.1216,-138.92160000000058
2025-08-08 17:00:00,20117.174,19045.463,1071.7109999999993,44.0,43.995983,0.004016999999997495,23.525002,23.52372,0.0012819999999997833,4916.0,5037.1025,-121.10249999999996
2025-08-08 18:00:00,21684.746,20878.94,805.8060000000005,44.0,43.98924,0.01075999999999766,23.525002,23.523037,0.001965000000001993,4888.3003,4845.751,42.549299999999675
2025-08-08 19:00:00,18549.602,18782.342,-232.7400000000016,44.0,43.979733,0.020266999999996926,23.525002,23.521278,0.003724000000001837,5209.8,5136.1006,73.69940000000042
2025-08-08 20:00:00,14630.671,14928.757,-298.08599999999933,44.0,43.971615,0.028385000000000105,23.525002,23.519823,0.005179000000001821,5013.4,5028.937,-15.537000000000262
2025-08-08 21:00:00,11495.528,11749.3125,-253.78449999999975,44.0,43.961407,0.03859299999999877,23.525002,23.518911,0.006091000000001401,4709.3003,4799.0483,-89.7480000000005
2025-08-08 22:00:00,8360.384,8860.69,-500.3060000000005,44.0,43.94899,0.051009999999998,23.525002,23.51772,0.007282000000000011,4382.1997,4487.2812,-105.08150000000023
2025-08-08 23:00:00,7054.0737,7152.975,-98.90130000000045,44.0,43.938896,0.06110400000000027,23.525002,23.516527,0.008475000000000676,4071.0,4077.2585,-6.258499999999913
2025-08-09 00:00:00,5747.6016,6577.743,-830.1414000000004,57.000004,44.568264,12.431739999999998,24.3,23.409832,0.8901679999999992,3868.9,4006.8074,-137.90740000000005
2025-08-09 01:00:00,4702.583,4738.6797,-36.096700000000055,57.000004,56.847553,0.15245099999999923,24.3,24.290083,0.009917000000001508,3703.0,3791.813,-88.8130000000001
2025-08-09 02:00:00,3918.819,4287.3364,-368.5174000000002,57.000004,56.87945,0.1205539999999985,24.3,24.295408,0.004592000000002372,3663.8,3747.5837,-83.78369999999995
2025-08-09 03:00:00,3918.819,4102.327,-183.50800000000027,57.000004,56.894806,0.10519799999999435,24.3,24.29759,0.0024100000000011335,3653.3,3751.2996,-97.99959999999965
2025-08-09 04:00:00,5225.0923,5260.272,-35.179699999999684,57.000004,56.904007,0.095996999999997,24.3,24.297287,0.0027129999999999654,3647.81,3781.8447,-134.03470000000016
2025-08-09 05:00:00,8360.147,8104.2935,255.85350000000108,57.000004,56.914383,0.08562099999999617,24.3,24.296026,0.003973999999999478,3952.3,3901.4336,50.86640000000034
2025-08-09 06:00:00,13323.985,12683.457,640.5280000000002,57.000004,56.923782,0.07622199999999424,24.3,24.296057,0.003942999999999586,4191.9,4293.996,-102.09600000000046
2025-08-09 07:00:00,16720.295,16052.43,667.864999999998,57.000004,56.919178,0.08082599999999474,24.3,24.295927,0.00407300000000177,5298.36,5044.6016,253.7583999999997
2025-08-09 08:00:00,18026.568,17258.895,767.6729999999989,57.000004,56.90712,0.09288399999999797,24.3,24.29386,0.006140000000002033,5585.6,5618.143,-32.542999999999665
2025-08-09 09:00:00,14630.259,14582.158,48.10100000000057,57.000004,56.89685,0.10315399999999642,24.3,24.29353,0.006470000000000198,6052.1997,5845.223,206.97670000000016
2025-08-09 10:00:00,12278.968,12128.608,150.36000000000058,57.000004,56.89057,0.10943400000000025,24.3,24.294321,0.005679000000000656,6013.4,6025.1626,-11.76260000000002
2025-08-09 11:00:00,11233.949,11078.572,155.3770000000004,57.000004,56.88749,0.11251399999999734,24.3,24.295858,0.004142000000001644,5931.6,5943.629,-12.028999999999542
2025-08-09 12:00:00,10711.439,10561.611,149.82799999999952,57.000004,56.88548,0.11452399999999585,24.3,24.297907,0.002093000000002121,5895.8,5788.4365,107.36350000000039
2025-08-09 13:00:00,10972.694,10740.717,231.97699999999895,57.000004,56.88522,0.11478400000000022,24.3,24.298956,0.001044000000000267,5587.9,5788.1895,-200.28950000000077
2025-08-09 14:00:00,11756.458,11469.599,286.8590000000004,57.000004,56.886993,0.1130110000000002,24.3,24.299524,0.00047599999999903275,5425.2,5522.721,-97.52099999999973
2025-08-09 15:00:00,13323.985,12936.862,387.1230000000014,57.000004,56.891808,0.10819599999999951,24.3,24.299555,0.00044499999999914053,5304.51,5450.9814,-146.47139999999945
2025-08-09 16:00:00,16459.041,15848.907,610.1340000000018,57.000004,56.898247,0.10175699999999921,24.3,24.299313,0.000686999999999216,5259.0,5224.1606,34.83939999999984
2025-08-09 17:00:00,20116.605,19368.65,747.9549999999981,57.000004,56.902008,0.09799599999999486,24.3,24.29855,0.0014500000000019497,5168.3,5045.9346,122.36540000000059
2025-08-09 18:00:00,21684.133,21011.045,673.0880000000034,57.000004,56.88978,0.11022399999999521,24.3,24.29623,0.003769999999999385,5005.7,5129.0747,-123.3747000000003
2025-08-09 19:00:00,18549.078,18429.229,119.84900000000198,57.000004,56.869915,0.13008899999999812,24.3,24.292467,0.007533000000002232,5185.5,5250.948,-65.44800000000032
2025-08-09 20:00:00,14630.259,14586.975,43.28399999999965,57.000004,56.857174,0.14282999999999646,24.3,24.28926,0.01074000000000197,4999.8,5013.0566,-13.256599999999708
2025-08-09 21:00:00,11495.203,11428.514,66.6890000000003,57.000004,56.84607,0.15393399999999957,24.3,24.287535,0.01246500000000239,4808.7,4747.774,60.925999999999476
2025-08-09 22:00:00,8360.147,8494.568,-134.42099999999846,57.000004,56.828117,0.17188699999999812,24.3,24.284958,0.01504200000000111,4434.9,4515.0605,-80.16049999999996
2025-08-09 23:00:00,7053.8745,6947.3774,106.49709999999959,57.000004,56.8089,0.19110399999999572,24.3,24.281462,0.0185379999999995,4145.5,4182.9604,-37.460399999999936
